priority,rank,name,url,focus,source,source_page
7,A,Caliper Studios,https://caliper.studio,brand,A1 Gallery,https://www.a1.gallery
15,A,House Of Yellow,https://houseofyellow.nl,brand,A1 Gallery,https://www.a1.gallery
16,A,Brikken+Co,https://www.brikken.co,brand,A1 Gallery,https://www.a1.gallery
17,A,Vasa,https://www.vasa.works,brand,A1 Gallery,https://www.a1.gallery
20,A,Goodside,https://www.goodside.studio,brand,A1 Gallery,https://www.a1.gallery
24,A,Copula Agency,https://copula.agency,brand,A1 Gallery,https://www.a1.gallery
29,A,Idyllic,https://idyllic.co.nz,brand,A1 Gallery,https://www.a1.gallery
36,A,Huts,https://huts.com,brand,A1 Gallery,https://www.a1.gallery
37,A,Good Secrets,https://goodsecrets.co,brand,A1 Gallery,https://www.a1.gallery
39,A,Riesen Design,https://www.riesendesign.fi,brand,A1 Gallery,https://www.a1.gallery
40,A,Phantom Studios,https://www.phantom.land/,brand,A1 Gallery,https://www.a1.gallery
45,A,COLLINS,https://wearecollins.com/,brand,A1 Gallery,https://www.a1.gallery
46,A,The Resonance Studio,https://www.theresonance.studio/,brand,A1 Gallery,https://www.a1.gallery
48,A,Studio Heyday,https://heyday.ch/,brand,A1 Gallery,https://www.a1.gallery
50,A,Collserola,https://collserola.com/,brand,A1 Gallery,https://www.a1.gallery
54,A,Wx,https://ilyywx.com/,brand,A1 Gallery,https://www.a1.gallery
58,A,Thayon,https://thayon.com/,brand,A1 Gallery,https://www.a1.gallery
59,A,Hyper Effekt,https://hypereffekt.com/,brand,A1 Gallery,https://www.a1.gallery
60,A,Glue,https://www.use-glue.com/,brand,A1 Gallery,https://www.a1.gallery
65,A,JARCOS,https://jarcos.work/,brand,A1 Gallery,https://www.a1.gallery
71,A,Thursday,https://thursday.studio/,brand,A1 Gallery,https://www.a1.gallery
75,A,Ragged Edge,https://raggededge.com/,brand,A1 Gallery,https://www.a1.gallery
77,A,Ballpoint,https://www.weareballpoint.com/,brand,A1 Gallery,https://www.a1.gallery
81,A,Locomotive®,https://locomotive.ca/,brand,A1 Gallery,https://www.a1.gallery
93,A,Ethan Suero,https://www.ethansuero.com/,brand,A1 Gallery,https://www.a1.gallery
94,A,North of Zero,https://www.northofzero.dev/,brand,A1 Gallery,https://www.a1.gallery
106,A,Vendredi Society,https://vendredi-society.com/,brand,A1 Gallery,https://www.a1.gallery
107,A,Modern Practice,https://itsmodernpractice.com/,brand,A1 Gallery,https://www.a1.gallery
108,A,MONOLOG,https://bymonolog.com/,brand,A1 Gallery,https://www.a1.gallery
109,A,House of Honey,https://www.houseofhoney.com/,brand,A1 Gallery,https://www.a1.gallery
110,A,Agency Habitat,https://agencyhabitat.com/,brand,A1 Gallery,https://www.a1.gallery
112,A,New Arc,https://newarc.io/,brand,A1 Gallery,https://www.a1.gallery
115,A,STUDIO HERRSTRÖM,https://www.studioherrstrom.com/,brand,A1 Gallery,https://www.a1.gallery
116,A,Rabbits Black,https://rabbitsblack.com/,brand,A1 Gallery,https://www.a1.gallery
120,B,Off The Wall,https://offthewall.studio/,brand,A1 Gallery,https://www.a1.gallery
122,B,Off Menu,https://www.offmenu.design/,brand,A1 Gallery,https://www.a1.gallery
125,B,forpeople,https://forpeople.com/,brand,A1 Gallery,https://www.a1.gallery
130,B,Girl,https://www.girl.studio/,brand,A1 Gallery,https://www.a1.gallery
133,B,Visual Domain,https://www.visualdomain.com.au/,brand,A1 Gallery,https://www.a1.gallery
135,B,Stōkt Creative Co.,https://wearestokt.com/,brand,A1 Gallery,https://www.a1.gallery
136,B,Redo Media,https://redomedia.co/,brand,A1 Gallery,https://www.a1.gallery
140,B,Dapper,https://www.dapper.agency/,brand,A1 Gallery,https://www.a1.gallery
142,B,Aspen Search,https://www.aspensearch.com/,brand,A1 Gallery,https://www.a1.gallery
143,B,The General Intelligence Company,https://www.generalintelligencecompany.com/,brand,A1 Gallery,https://www.a1.gallery
148,B,Deeo Studio,https://deeo.studio/,brand,A1 Gallery,https://www.a1.gallery
152,B,The Future in Black,https://www.thefutureinblack.com/,brand,A1 Gallery,https://www.a1.gallery
153,B,SCS,https://o-scs.com/,brand,A1 Gallery,https://www.a1.gallery
157,B,Shed,https://shed.design/,brand,A1 Gallery,https://www.a1.gallery
162,B,Materra,https://www.materra.tech/,brand,A1 Gallery,https://www.a1.gallery
163,B,Groth Studio,https://www.groth.studio/,brand,A1 Gallery,https://www.a1.gallery
167,B,Rare Assembly,https://rareassembly.com/,brand,A1 Gallery,https://www.a1.gallery
168,B,Saint Urbain,https://www.sainturbain.com/,brand,A1 Gallery,https://www.a1.gallery
172,B,Studio Juicebox,https://www.studio-juicebox.com/,brand,A1 Gallery,https://www.a1.gallery
173,B,Please Call Me Champ,https://pleasecallmechamp.com/,brand,A1 Gallery,https://www.a1.gallery
179,B,Article,https://madebyarticle.com/,brand,A1 Gallery,https://www.a1.gallery
182,B,September Works,https://www.september.works/,brand,A1 Gallery,https://www.a1.gallery
183,B,Endless,https://endless.design/,brand,A1 Gallery,https://www.a1.gallery
184,B,GENBRAND,https://genbrand.design/,brand,A1 Gallery,https://www.a1.gallery
185,B,Practice,https://practice.inc/,brand,A1 Gallery,https://www.a1.gallery
186,B,Dauw,https://www.dauw.nl/,brand,A1 Gallery,https://www.a1.gallery
187,B,Artifact,https://www.rtfct.com/,brand,A1 Gallery,https://www.a1.gallery
188,B,TR Studio,https://trstudio.co.uk/,brand,A1 Gallery,https://www.a1.gallery
191,B,Alphamark,https://alphamark.design/,brand,A1 Gallery,https://www.a1.gallery
192,B,Focus Lab,https://focuslab.agency/,brand,A1 Gallery,https://www.a1.gallery
193,B,New Genre,https://newgenre.studio/,brand,A1 Gallery,https://www.a1.gallery
211,B,Daybreak Studio,https://www.daybreak.studio/,brand,A1 Gallery,https://www.a1.gallery
213,B,NGLM,https://www.nglm.com/,brand,A1 Gallery,https://www.a1.gallery
214,B,Driftime®,https://driftime.com/,brand,A1 Gallery,https://www.a1.gallery
218,B,Instrument,https://www.instrument.com/,brand,A1 Gallery,https://www.a1.gallery
219,B,OutThere,https://www.outthere.studio/,brand,A1 Gallery,https://www.a1.gallery
231,B,Edition,https://www.editiondesign.co/,brand,A1 Gallery,https://www.a1.gallery
233,C,Koto,https://koto.com/,brand,A1 Gallery,https://www.a1.gallery
234,C,Oberyon,https://oberyon.com/,brand,A1 Gallery,https://www.a1.gallery
240,C,Yonis,https://www.studioyonis.com/,brand,A1 Gallery,https://www.a1.gallery
242,C,PUR+ Architekten,https://www.purplus.team/,brand,A1 Gallery,https://www.a1.gallery
250,C,Worknight Studio,https://worknight.studio/,brand,A1 Gallery,https://www.a1.gallery
251,C,Primora,https://primora.xyz/,brand,A1 Gallery,https://www.a1.gallery
252,C,Skarlo,https://skarlo.co/,brand,A1 Gallery,https://www.a1.gallery
253,C,Brethren Design Co,https://www.brethrendesignco.com/,brand,A1 Gallery,https://www.a1.gallery
259,C,For Good Design Lab,https://www.forgooddesignlab.com/,brand,A1 Gallery,https://www.a1.gallery
264,C,Algo,https://algo.tv/,brand,A1 Gallery,https://www.a1.gallery
266,C,Lineage,https://lineage.agency/,brand,A1 Gallery,https://www.a1.gallery
270,C,Purée Maison,https://pureemaison.com/,brand,A1 Gallery,https://www.a1.gallery
271,C,Ask Phill,https://askphill.com/,brand,A1 Gallery,https://www.a1.gallery
284,C,Sonder Studio,https://sonder.design/,brand,A1 Gallery,https://www.a1.gallery
288,C,EN ATTENDANT GODOT,https://www.enattendantgodot.xyz/,brand,A1 Gallery,https://www.a1.gallery
289,C,DNCO,https://dnco.com/,brand,A1 Gallery,https://www.a1.gallery
308,C,Kohne & Reynolds,https://kohnereynolds.com/,brand,A1 Gallery,https://www.a1.gallery
309,C,Artone Studio,https://artone.studio/,brand,A1 Gallery,https://www.a1.gallery
310,C,A Color Bright,https://www.acolorbright.com/,brand,A1 Gallery,https://www.a1.gallery
326,C,Garriock & Co.,https://www.garriock.com/,brand,A1 Gallery,https://www.a1.gallery
327,C,Good Habit,https://goodhabit.studio/,brand,A1 Gallery,https://www.a1.gallery
328,C,Our Life's Work ®,https://www.ourlifeswork.com/,brand,A1 Gallery,https://www.a1.gallery
329,C,Abbr. Projects,https://www.abbrprojects.com/,brand,A1 Gallery,https://www.a1.gallery
330,C,Primary Works,https://www.primary.works/,brand,A1 Gallery,https://www.a1.gallery
339,C,Deserve Studio,https://deserve.studio/,brand,A1 Gallery,https://www.a1.gallery
340,C,Grace Brigade,https://www.gracebrigade.com/,brand,A1 Gallery,https://www.a1.gallery
341,C,TUSARO Studio,https://www.tusaro.studio/,brand,A1 Gallery,https://www.a1.gallery
342,C,Frost*,https://frostcollective.com/,brand,A1 Gallery,https://www.a1.gallery
343,C,Motto,https://wearemotto.com/,brand,A1 Gallery,https://www.a1.gallery
344,C,Studio Dado,https://www.studiodado.com/,brand,A1 Gallery,https://www.a1.gallery
345,C,Forty Eight Point One,https://www.fortyeight.one/,brand,A1 Gallery,https://www.a1.gallery
346,C,Meaning Ltd.,https://meaning.company/,brand,A1 Gallery,https://www.a1.gallery
360,D,Upstatement,https://upstatement.com/,brand,A1 Gallery,https://www.a1.gallery
361,D,Form&Fun,https://www.formandfun.co/,brand,A1 Gallery,https://www.a1.gallery
362,D,Aino,https://aino.agency/,brand,A1 Gallery,https://www.a1.gallery
373,D,EQ Lab,https://eqlab.io/,brand,A1 Gallery,https://www.a1.gallery
374,D,CMD+B,https://www.cmdb.agency/,brand,A1 Gallery,https://www.a1.gallery
381,D,Modulify,https://modulify.ai/,brand,A1 Gallery,https://www.a1.gallery
382,D,Synthesis,https://www.synthesis.partners/,brand,A1 Gallery,https://www.a1.gallery
385,D,OneLeft,https://oneleft.co/,brand,A1 Gallery,https://www.a1.gallery
386,D,Refresh Studio,https://www.ctrlr.studio/,brand,A1 Gallery,https://www.a1.gallery
387,D,Lazy Sundays,https://www.lazysundays.studio/,brand,A1 Gallery,https://www.a1.gallery
388,D,Design Business Company,https://dbco.online/,brand,A1 Gallery,https://www.a1.gallery
399,D,Pattern Breaking,https://patternbreak.ing/,brand,A1 Gallery,https://www.a1.gallery
403,D,Precious,https://www.workbyprecious.com/,brand,A1 Gallery,https://www.a1.gallery
404,D,Nice People,https://nicepeople.com/,brand,A1 Gallery,https://www.a1.gallery
405,D,Primary Studio,https://www.primary.studio/,brand,A1 Gallery,https://www.a1.gallery
406,D,Bakken & Bæck,https://bakkenbaeck.com/,brand,A1 Gallery,https://www.a1.gallery
408,D,VALIENTE®,https://valientebrands.com/,brand,A1 Gallery,https://www.a1.gallery
409,D,New Studio,https://www.new.studio/,brand,A1 Gallery,https://www.a1.gallery
416,D,Open Purpose,https://openpurpose.com/,brand,A1 Gallery,https://www.a1.gallery
417,D,AREA 17,https://area17.com/,brand,A1 Gallery,https://www.a1.gallery
419,D,SERIOUS.BUSINESS,https://serious.business/,brand,A1 Gallery,https://www.a1.gallery
424,D,Murmure,https://murmure.me/,brand,A1 Gallery,https://www.a1.gallery
425,D,WaxyWeb,https://www.waxyweb.agency/,brand,A1 Gallery,https://www.a1.gallery
429,D,L'Étude,https://letude.group/,brand,A1 Gallery,https://www.a1.gallery
430,D,Elegant Seagulls,https://www.elegantseagulls.com/,brand,A1 Gallery,https://www.a1.gallery
438,D,Zig Zag Creative,https://www.zigzagcreative.co/,brand,A1 Gallery,https://www.a1.gallery
439,D,Pacer,https://www.pacer.studio/,brand,A1 Gallery,https://www.a1.gallery
447,D,Coinsetters,https://www.coinsetters.io/,brand,A1 Gallery,https://www.a1.gallery
455,D,Litebox,https://litebox.ai/,brand,A1 Gallery,https://www.a1.gallery
456,D,Illo,https://illo.tv/,brand,A1 Gallery,https://www.a1.gallery
457,D,Pitch-Works,https://pitch.works/,brand,A1 Gallery,https://www.a1.gallery
458,D,Holland Design,https://www.hollanddesign.ca/,brand,A1 Gallery,https://www.a1.gallery
459,D,Self Aware,https://selfaware.studio/,brand,A1 Gallery,https://www.a1.gallery
464,D,Maben,https://maben.com.au/,brand,A1 Gallery,https://www.a1.gallery
473,E,Rise at Seven,https://riseatseven.com/,brand,A1 Gallery,https://www.a1.gallery
481,E,Talent Solutions,https://www.colejames.io/,brand,A1 Gallery,https://www.a1.gallery
495,E,GATZARA Studio,https://gatzara.studio/,brand,A1 Gallery,https://www.a1.gallery
496,E,Good Fella,https://good-fella.com/,brand,A1 Gallery,https://www.a1.gallery
497,E,Cipher,https://cipherdigital.com/,brand,A1 Gallery,https://www.a1.gallery
498,E,Poch Studio,https://poch.studio/,brand,A1 Gallery,https://www.a1.gallery
510,E,Halaska,https://halaskastudio.com/,brand,A1 Gallery,https://www.a1.gallery
511,E,Griflan,https://griflan.com/,brand,A1 Gallery,https://www.a1.gallery
512,E,Byld,https://www.byld.dev/,brand,A1 Gallery,https://www.a1.gallery
526,E,Human Futures,https://humanfutures.com/,brand,A1 Gallery,https://www.a1.gallery
527,E,REF,https://ref.digital/,brand,A1 Gallery,https://www.a1.gallery
540,E,basement.studio,https://basement.studio/,brand,A1 Gallery,https://www.a1.gallery
541,E,Adnaut,https://www.adnaut.digital/,brand,A1 Gallery,https://www.a1.gallery
542,E,Studio Almond,https://www.almond.studio/,brand,A1 Gallery,https://www.a1.gallery
552,E,Your Creative,https://yourcreative.com.au/,brand,A1 Gallery,https://www.a1.gallery
645,F,Wireframe,https://wireframe.co/,brand,A1 Gallery,https://www.a1.gallery
646,F,Shape,https://madebyshape.co.uk/,brand,A1 Gallery,https://www.a1.gallery
647,F,YMU,https://www.ymugroup.com/,brand,A1 Gallery,https://www.a1.gallery
655,F,Noramble,https://noramble.co.uk/,brand,A1 Gallery,https://www.a1.gallery
656,F,Iventions,https://iventions.com/,brand,A1 Gallery,https://www.a1.gallery
657,F,Studio Meraki,https://www.merakidigitalstudio.com/,brand,A1 Gallery,https://www.a1.gallery
658,F,Konpo,https://www.konpo.studio/,brand,A1 Gallery,https://www.a1.gallery
670,F,Good Friends,https://goodfriendsagency.com/,brand,A1 Gallery,https://www.a1.gallery
671,F,Arta Labs,https://www.artalabs.com/,brand,A1 Gallery,https://www.a1.gallery
672,F,Interfacer,https://interfacer.co/,brand,A1 Gallery,https://www.a1.gallery
673,F,SEATED,https://seated.nyc/,brand,A1 Gallery,https://www.a1.gallery
674,F,Cappen,https://cappen.com/,brand,A1 Gallery,https://www.a1.gallery
681,F,Truus,https://truus.co/,brand,A1 Gallery,https://www.a1.gallery
682,F,Early Works,https://www.early.works/,brand,A1 Gallery,https://www.a1.gallery
683,F,NewWorld,https://newworld.inc/,brand,A1 Gallery,https://www.a1.gallery
684,F,Jords+Co,https://www.jords.co.uk/,brand,A1 Gallery,https://www.a1.gallery
695,F,HiPortfolio,https://hiportfolio.co/,brand,A1 Gallery,https://www.a1.gallery
696,F,Juice,https://www.juice.agency/,brand,A1 Gallery,https://www.a1.gallery
697,G,Quartzo Studio,https://quartzo.studio/en,brand,A1 Gallery,https://www.a1.gallery
698,G,CRUSH STUDIO,https://crush.enterprises/,brand,A1 Gallery,https://www.a1.gallery
699,G,ONBOX,https://www.onboxcreative.com/,brand,A1 Gallery,https://www.a1.gallery
700,G,Lué Studio®,https://lue.studio/,brand,A1 Gallery,https://www.a1.gallery
701,G,Muse Design Studio,https://musestudio.uk/,brand,A1 Gallery,https://www.a1.gallery
702,G,ANALOGUE,https://madebyanalogue.co.uk/,brand,A1 Gallery,https://www.a1.gallery
703,G,CASSETTE,https://www.cassettemusic.com/,brand,A1 Gallery,https://www.a1.gallery
704,G,Haptic,https://haptic.studio/,brand,A1 Gallery,https://www.a1.gallery
740,G,SPACING,https://www.spacing.co/,brand,A1 Gallery,https://www.a1.gallery
741,G,The Line Studio,https://thelinestudio.com/,brand,A1 Gallery,https://www.a1.gallery
742,G,Airborne,https://www.airborne.studio/,brand,A1 Gallery,https://www.a1.gallery
743,G,Bureau for Visual Affairs,https://www.bureau-va.com/,brand,A1 Gallery,https://www.a1.gallery
744,G,Hyperlink,https://www.hyperlinknyc.com/,brand,A1 Gallery,https://www.a1.gallery
760,G,Oddit,https://www.oddit.co/,brand,A1 Gallery,https://www.a1.gallery
769,G,Old Friends,https://www.oldfriends.studio/,brand,A1 Gallery,https://www.a1.gallery
770,G,Fraiche,https://www.fraichedesignthinking.com/,brand,A1 Gallery,https://www.a1.gallery
1168,K,Elespacio,https://www.awwwards.com/sites/elespacio-2,brand,Awwwards — Sites of the Day,https://www.awwwards.com/websites/sites_of_the_day/?page=56
1181,K,Petitmoulin Studio,https://www.awwwards.com/sites/petitmoulin-studio,brand,Awwwards — Sites of the Day,https://www.awwwards.com/websites/sites_of_the_day/?page=56
1203,K,Canvas Agency,https://www.awwwards.com/sites/canvas-agency,brand,Awwwards — Sites of the Day,https://www.awwwards.com/websites/sites_of_the_day/?page=57
1304,L,Julia Johnson,https://www.awwwards.com/sites/julia-johnson,brand,Awwwards — Sites of the Day,https://www.awwwards.com/websites/sites_of_the_day/?page=60
1520,N,Web Design in 2021,https://www.awwwards.com/sites/web-design-in-2021,brand,Awwwards — Sites of the Day,https://www.awwwards.com/websites/sites_of_the_day/?page=67
1579,N,Mammut - Local Adventure,https://www.awwwards.com/sites/mammut-local-adventure,brand,Awwwards — Sites of the Day,https://www.awwwards.com/websites/sites_of_the_day/?page=69
1590,N,Sennep,https://www.awwwards.com/sites/sennep-portfolio,brand,Awwwards — Sites of the Day,https://www.awwwards.com/websites/sites_of_the_day/?page=70
1656,O,iGaming Studio,https://www.awwwards.com/sites/igaming-studio,brand,Awwwards — Sites of the Day,https://www.awwwards.com/websites/sites_of_the_day/?page=72
1708,O,Hanzo,https://www.awwwards.com/sites/hanzo,brand,Awwwards — Sites of the Day,https://www.awwwards.com/websites/sites_of_the_day/?page=73
1941,Q,andstudio,https://www.awwwards.com/sites/andstudio,brand,Awwwards — Sites of the Day,https://www.awwwards.com/websites/sites_of_the_day/?page=81
1952,Q,Flavinsky,https://www.awwwards.com/sites/flavinsky,brand,Awwwards — Sites of the Day,https://www.awwwards.com/websites/sites_of_the_day/?page=81
2113,S,Anna Eshwood,https://www.awwwards.com/sites/anna-eshwood-academy,brand,Awwwards — Sites of the Day,https://www.awwwards.com/websites/sites_of_the_day/?page=104
2150,S,a friend of mine,https://www.awwwards.com/sites/a-friend-of-mine,brand,Awwwards — Sites of the Day,https://www.awwwards.com/websites/sites_of_the_day/?page=105
2156,S,Instrument,https://www.awwwards.com/sites/instrument,brand,Awwwards — Sites of the Day,https://www.awwwards.com/websites/sites_of_the_day/?page=106
2189,S,Epok Design,https://www.awwwards.com/sites/epok-design,brand,Awwwards — Sites of the Day,https://www.awwwards.com/websites/sites_of_the_day/?page=107
2194,S,Rich Brown,https://www.awwwards.com/sites/rich-brown,brand,Awwwards — Sites of the Day,https://www.awwwards.com/websites/sites_of_the_day/?page=107
2228,T,Pentagram,https://www.awwwards.com/sites/pentagram,brand,Awwwards — Sites of the Day,https://www.awwwards.com/websites/sites_of_the_day/?page=108
2241,T,Uber.Design,https://www.awwwards.com/sites/uber-design,brand,Awwwards — Sites of the Day,https://www.awwwards.com/websites/sites_of_the_day/?page=108
2258,T,Ueno.,https://www.awwwards.com/sites/ueno,brand,Awwwards — Sites of the Day,https://www.awwwards.com/websites/sites_of_the_day/?page=109
2267,T,Oui Will,https://www.awwwards.com/sites/oui-will,brand,Awwwards — Sites of the Day,https://www.awwwards.com/websites/sites_of_the_day/?page=109
2292,T,Nick Jones Design and Code,https://www.awwwards.com/sites/nick-jones-design-and-code,brand,Awwwards — Sites of the Day,https://www.awwwards.com/websites/sites_of_the_day/?page=110
2333,U,Kvell,https://www.awwwards.com/sites/kvell,brand,Awwwards — Sites of the Day,https://www.awwwards.com/websites/sites_of_the_day/?page=111
2336,U,Casamance,https://www.awwwards.com/sites/casamance,brand,Awwwards — Sites of the Day,https://www.awwwards.com/websites/sites_of_the_day/?page=111
2338,U,Johnson Banks,https://www.awwwards.com/sites/johnson-banks,brand,Awwwards — Sites of the Day,https://www.awwwards.com/websites/sites_of_the_day/?page=111
2344,U,Chaptr.,https://www.awwwards.com/sites/chaptr-studio,brand,Awwwards — Sites of the Day,https://www.awwwards.com/websites/sites_of_the_day/?page=112
2349,U,Reykjavik Fashion Festival,https://www.awwwards.com/sites/reykjavik-fashion-festival,brand,Awwwards — Sites of the Day,https://www.awwwards.com/websites/sites_of_the_day/?page=112
2354,U,Héloise Thibodeau Architecte,https://www.awwwards.com/sites/heloise-thibodeau-architecte,brand,Awwwards — Sites of the Day,https://www.awwwards.com/websites/sites_of_the_day/?page=112
2396,U,InterGlobal Exhibits,https://www.awwwards.com/sites/interglobal-exhibits,brand,Awwwards — Sites of the Day,https://www.awwwards.com/websites/sites_of_the_day/?page=113
2472,V,Villes & Paysages,https://www.awwwards.com/sites/villes-paysages,brand,Awwwards — Sites of the Day,https://www.awwwards.com/websites/sites_of_the_day/?page=116
2509,V,Outpost,https://www.awwwards.com/sites/outpost,brand,Awwwards — Sites of the Day,https://www.awwwards.com/websites/sites_of_the_day/?page=117
2536,V,Blue Stag,https://www.awwwards.com/sites/blue-stag-agency,brand,Awwwards — Sites of the Day,https://www.awwwards.com/websites/sites_of_the_day/?page=118
2564,W,friendly projects,https://www.awwwards.com/sites/friendly-projects,brand,Awwwards — Sites of the Day,https://www.awwwards.com/websites/sites_of_the_day/?page=120
2585,W,Y78,https://www.awwwards.com/sites/y78,brand,Awwwards — Sites of the Day,https://www.awwwards.com/websites/sites_of_the_day/?page=120
2620,W,Google Play Redesign,https://www.awwwards.com/sites/google-play-redesign,brand,Awwwards — Sites of the Day,https://www.awwwards.com/websites/sites_of_the_day/?page=121
2642,W,David Hellmann — Designer & Developer,https://www.awwwards.com/sites/david-hellmann-desginer-devloper,brand,Awwwards — Sites of the Day,https://www.awwwards.com/websites/sites_of_the_day/?page=122
2687,X,Bonobo Jeans,https://www.awwwards.com/sites/bonobo-jeans,brand,Awwwards — Sites of the Day,https://www.awwwards.com/websites/sites_of_the_day/?page=124
2696,X,Plastic Studio,https://www.awwwards.com/sites/plastic-studio,brand,Awwwards — Sites of the Day,https://www.awwwards.com/websites/sites_of_the_day/?page=124
2700,X,Checkland Kindleysides,https://www.awwwards.com/sites/checkland-kindleysides-agency,brand,Awwwards — Sites of the Day,https://www.awwwards.com/websites/sites_of_the_day/?page=124
2706,X,Rezo Zero,https://www.awwwards.com/sites/rezo-zero-1,brand,Awwwards — Sites of the Day,https://www.awwwards.com/websites/sites_of_the_day/?page=124
2708,X,Spring/Summer 2016,https://www.awwwards.com/sites/spring-summer-2016,brand,Awwwards — Sites of the Day,https://www.awwwards.com/websites/sites_of_the_day/?page=124
2721,X,Elespacio,https://www.awwwards.com/sites/elespacio-creative-agency,brand,Awwwards — Sites of the Day,https://www.awwwards.com/websites/sites_of_the_day/?page=125
2724,X,DEADWATER,https://www.awwwards.com/sites/deadwater-studio,brand,Awwwards — Sites of the Day,https://www.awwwards.com/websites/sites_of_the_day/?page=125
2729,X,Details,https://www.awwwards.com/sites/details-1,brand,Awwwards — Sites of the Day,https://www.awwwards.com/websites/sites_of_the_day/?page=125
2777,Y,Silenza,https://www.awwwards.com/sites/silenza,brand,Awwwards — Sites of the Day,https://www.awwwards.com/websites/sites_of_the_day/?page=131
2789,Y,Infinum,https://www.awwwards.com/sites/infinum-agency,brand,Awwwards — Sites of the Day,https://www.awwwards.com/websites/sites_of_the_day/?page=131
2799,Y,PAL ZILERI,https://www.awwwards.com/sites/pal-zileri,brand,Awwwards — Sites of the Day,https://www.awwwards.com/websites/sites_of_the_day/?page=131
2802,Y,Fixed Group,https://www.awwwards.com/sites/fixed-group,brand,Awwwards — Sites of the Day,https://www.awwwards.com/websites/sites_of_the_day/?page=131
2808,Y,Apart Collective,https://www.awwwards.com/sites/apart-collective,brand,Awwwards — Sites of the Day,https://www.awwwards.com/websites/sites_of_the_day/?page=132
2823,Y,Piaget Possession,https://www.awwwards.com/sites/piaget-possession,brand,Awwwards — Sites of the Day,https://www.awwwards.com/websites/sites_of_the_day/?page=132
2827,Y,Karim Rashid,https://www.awwwards.com/sites/karim-rashid,brand,Awwwards — Sites of the Day,https://www.awwwards.com/websites/sites_of_the_day/?page=132
2831,Y,MIKIYA KOBAYASHI,https://www.awwwards.com/sites/mikiya-kobayashi,brand,Awwwards — Sites of the Day,https://www.awwwards.com/websites/sites_of_the_day/?page=132
2834,Y,Hi-ReS! London,https://www.awwwards.com/sites/hi-res-london,brand,Awwwards — Sites of the Day,https://www.awwwards.com/websites/sites_of_the_day/?page=132
2840,Y,Legwork,https://www.awwwards.com/sites/legwork,brand,Awwwards — Sites of the Day,https://www.awwwards.com/websites/sites_of_the_day/?page=133
2863,Y,Werkstatt Wundersite,https://www.awwwards.com/sites/werkstatt-wundersite,brand,Awwwards — Sites of the Day,https://www.awwwards.com/websites/sites_of_the_day/?page=133
2870,Y,Trading Culture,https://www.awwwards.com/sites/trading-culture,brand,Awwwards — Sites of the Day,https://www.awwwards.com/websites/sites_of_the_day/?page=135
2878,Y,CP+B Agency Website,https://www.awwwards.com/sites/cp-b-agency-website,brand,Awwwards — Sites of the Day,https://www.awwwards.com/websites/sites_of_the_day/?page=135
2887,Z,Webdesign Agency Weblounge,https://www.awwwards.com/sites/webdesign-agency-weblounge,brand,Awwwards — Sites of the Day,https://www.awwwards.com/websites/sites_of_the_day/?page=135
2895,Z,Ashworth GOLF/MAN,https://www.awwwards.com/sites/ashworth-golfman,brand,Awwwards — Sites of the Day,https://www.awwwards.com/websites/sites_of_the_day/?page=135
2902,Z,Joha,https://www.awwwards.com/sites/joha,brand,Awwwards — Sites of the Day,https://www.awwwards.com/websites/sites_of_the_day/?page=137
2924,Z,Mélanie F,https://www.awwwards.com/sites/melanie-f-1,brand,Awwwards — Sites of the Day,https://www.awwwards.com/websites/sites_of_the_day/?page=137
2926,Z,Urban Influence,https://www.awwwards.com/sites/urban-influence,brand,Awwwards — Sites of the Day,https://www.awwwards.com/websites/sites_of_the_day/?page=137
2931,Z,Nice and Serious,https://www.awwwards.com/sites/nice-and-serious,brand,Awwwards — Sites of the Day,https://www.awwwards.com/websites/sites_of_the_day/?page=141
2932,Z,Charles Kalpakian,https://www.awwwards.com/sites/charles-kalpakian,brand,Awwwards — Sites of the Day,https://www.awwwards.com/websites/sites_of_the_day/?page=141
2935,Z,Andy Wolf Eyewear - AWE,https://www.awwwards.com/sites/andy-wolf-eyewear-awe,brand,Awwwards — Sites of the Day,https://www.awwwards.com/websites/sites_of_the_day/?page=141
2952,Z,Burnkit,https://www.awwwards.com/sites/burnkit,brand,Awwwards — Sites of the Day,https://www.awwwards.com/websites/sites_of_the_day/?page=141
2960,Z,The Korner,https://www.awwwards.com/sites/the-korner,brand,Awwwards — Sites of the Day,https://www.awwwards.com/websites/sites_of_the_day/?page=141
2973,Z,David Hellmann — Designer. Developer. Cyclist.,https://www.awwwards.com/sites/david-hellmann-designer-developer-cyclist,brand,Awwwards — Sites of the Day,https://www.awwwards.com/websites/sites_of_the_day/?page=142
2979,Z,Extremely Piaget,https://www.awwwards.com/sites/extremely-piaget,brand,Awwwards — Sites of the Day,https://www.awwwards.com/websites/sites_of_the_day/?page=142
2985,Z,Reebok Fall/Winter '14 Lookbook,https://www.awwwards.com/sites/reebok-fall-winter-14-lookbook,brand,Awwwards — Sites of the Day,https://www.awwwards.com/websites/sites_of_the_day/?page=142
2995,Z,Space Style Concept,https://www.awwwards.com/sites/space-style-concept,brand,Awwwards — Sites of the Day,https://www.awwwards.com/websites/sites_of_the_day/?page=143
