priority,rank,name,url,focus,feature,evidence,source,source_page
1001,I,dnlsptzk IV,https://www.awwwards.com/sites/dnlsptzk-iv,motion,固定UI・ナビゲーション候補,Footer Design,Awwwards — Sites of the Day,https://www.awwwards.com/websites/sites_of_the_day/?page=51
1003,I,Vitra – Office Chair Finder,https://www.awwwards.com/sites/vitra-office-chair-finder,motion,固定UI・ナビゲーション候補,Unusual Navigation,Awwwards — Sites of the Day,https://www.awwwards.com/websites/sites_of_the_day/?page=51
1011,I,Fornasetti Profumi,https://www.awwwards.com/sites/fornasetti-profumi,motion,固定UI・ナビゲーション候補,Unusual Navigation,Awwwards — Sites of the Day,https://www.awwwards.com/websites/sites_of_the_day/?page=51
1014,I,Display Studio,https://www.awwwards.com/sites/display-studio,motion,固定UI・ナビゲーション候補,Menu - Horizontal,Awwwards — Sites of the Day,https://www.awwwards.com/websites/sites_of_the_day/?page=51
1018,I,DashDigital® Studio,https://www.awwwards.com/sites/dashdigital-r-studio,motion,固定UI・ナビゲーション候補,Footer Design,Awwwards — Sites of the Day,https://www.awwwards.com/websites/sites_of_the_day/?page=51
1020,I,Cyd Stumpel — Portfolio 2022,https://www.awwwards.com/sites/cyd-stumpel-portfolio-2022,motion,固定UI・ナビゲーション候補,Navigation Menu,Awwwards — Sites of the Day,https://www.awwwards.com/websites/sites_of_the_day/?page=51
1021,I,The Craftsmen,https://www.awwwards.com/sites/the-craftsmen,motion,固定UI・ナビゲーション候補,Unusual Navigation,Awwwards — Sites of the Day,https://www.awwwards.com/websites/sites_of_the_day/?page=51
1026,I,Peter Tarka,https://www.awwwards.com/sites/peter-tarka,motion,固定UI・ナビゲーション候補,Unusual Navigation,Awwwards — Sites of the Day,https://www.awwwards.com/websites/sites_of_the_day/?page=51
1030,I,Vestiaire Collective Report 22,https://www.awwwards.com/sites/vestiaire-collective-report-22,motion,固定UI・ナビゲーション候補,Menu - Vertical,Awwwards — Sites of the Day,https://www.awwwards.com/websites/sites_of_the_day/?page=51
1033,I,Tom Sears Personal Portfolio,https://www.awwwards.com/sites/tom-sears-personal-portfolio,motion,固定UI・ナビゲーション候補,Menu - Horizontal,Awwwards — Sites of the Day,https://www.awwwards.com/websites/sites_of_the_day/?page=52
1036,I,Kirschberg,https://www.awwwards.com/sites/kirschberg-2,motion,固定UI・ナビゲーション候補,Navigation Menu / Unusual Navigation,Awwwards — Sites of the Day,https://www.awwwards.com/websites/sites_of_the_day/?page=52
1043,I,QUERDENKEN EVERYTHING,https://www.awwwards.com/sites/querdenken-everything,motion,固定UI・ナビゲーション候補,Unusual Navigation,Awwwards — Sites of the Day,https://www.awwwards.com/websites/sites_of_the_day/?page=52
1057,J,Plasticbionic,https://www.awwwards.com/sites/plasticbionic,motion,固定UI・ナビゲーション候補,Navigation Menu,Awwwards — Sites of the Day,https://www.awwwards.com/websites/sites_of_the_day/?page=52
1059,J,Pact,https://www.awwwards.com/sites/pact,motion,固定UI・ナビゲーション候補,Navigation Menu / Unusual Navigation,Awwwards — Sites of the Day,https://www.awwwards.com/websites/sites_of_the_day/?page=52
1065,J,Welcome to the House of Gucci,https://www.awwwards.com/sites/welcome-to-the-house-of-gucci,motion,固定UI・ナビゲーション候補,Navigation Menu,Awwwards — Sites of the Day,https://www.awwwards.com/websites/sites_of_the_day/?page=53
1071,J,I Killed A Cactus,https://www.awwwards.com/sites/i-killed-a-cactus,motion,固定UI・ナビゲーション候補,Header Design,Awwwards — Sites of the Day,https://www.awwwards.com/websites/sites_of_the_day/?page=53
1072,J,Frantoio Cavalli,https://www.awwwards.com/sites/frantoio-cavalli,motion,固定UI・ナビゲーション候補,Navigation Menu,Awwwards — Sites of the Day,https://www.awwwards.com/websites/sites_of_the_day/?page=53
1076,J,Likely Story 2022,https://www.awwwards.com/sites/likely-story-2022,motion,固定UI・ナビゲーション候補,Header Design,Awwwards — Sites of the Day,https://www.awwwards.com/websites/sites_of_the_day/?page=53
1084,J,Om Swami,https://www.awwwards.com/sites/om-swami,motion,固定UI・ナビゲーション候補,Navigation Menu,Awwwards — Sites of the Day,https://www.awwwards.com/websites/sites_of_the_day/?page=53
1086,J,Welcome To The Continent,https://www.awwwards.com/sites/welcome-to-the-continent,motion,固定UI・ナビゲーション候補,Unusual Navigation,Awwwards — Sites of the Day,https://www.awwwards.com/websites/sites_of_the_day/?page=53
1091,J,Transmissions,https://www.awwwards.com/sites/transmissions,motion,固定UI・ナビゲーション候補,Menu - Vertical,Awwwards — Sites of the Day,https://www.awwwards.com/websites/sites_of_the_day/?page=53
1102,J,e-Money,https://www.awwwards.com/sites/e-money,motion,固定UI・ナビゲーション候補,Header Design,Awwwards — Sites of the Day,https://www.awwwards.com/websites/sites_of_the_day/?page=54
1105,J,"365, A Year of Cartier",https://www.awwwards.com/sites/365-a-year-of-cartier,motion,固定UI・ナビゲーション候補,Unusual Navigation,Awwwards — Sites of the Day,https://www.awwwards.com/websites/sites_of_the_day/?page=54
1113,J,Wildcatter,https://www.awwwards.com/sites/wildcatter,motion,固定UI・ナビゲーション候補,Navigation Menu,Awwwards — Sites of the Day,https://www.awwwards.com/websites/sites_of_the_day/?page=54
1114,J,regrocery,https://www.awwwards.com/sites/regrocery,ecommerce,固定UI・ナビゲーション候補,Navigation Menu,Awwwards — Sites of the Day,https://www.awwwards.com/websites/sites_of_the_day/?page=54
1115,J,Nike PLAYlab,https://www.awwwards.com/sites/nike-playlab,motion,固定UI・ナビゲーション候補,Navigation Menu,Awwwards — Sites of the Day,https://www.awwwards.com/websites/sites_of_the_day/?page=54
1120,J,Decor Systems,https://www.awwwards.com/sites/decor-systems,motion,固定UI・ナビゲーション候補,Menu - Horizontal,Awwwards — Sites of the Day,https://www.awwwards.com/websites/sites_of_the_day/?page=54
1125,J,Studio Debuut,https://www.awwwards.com/sites/studio-debuut,motion,固定UI・ナビゲーション候補,Header Design,Awwwards — Sites of the Day,https://www.awwwards.com/websites/sites_of_the_day/?page=55
1127,J,Magical Reflections,https://www.awwwards.com/sites/magical-reflections,motion,固定UI・ナビゲーション候補,Unusual Navigation,Awwwards — Sites of the Day,https://www.awwwards.com/websites/sites_of_the_day/?page=55
1129,J,Defund Tigray Genocide,https://www.awwwards.com/sites/defund-tigray-genocide,motion,固定UI・ナビゲーション候補,Navigation Menu,Awwwards — Sites of the Day,https://www.awwwards.com/websites/sites_of_the_day/?page=55
1159,J,Henri Heymans 2021 Portfolio,https://www.awwwards.com/sites/henri-heymans-2021-portfolio,motion,固定UI・ナビゲーション候補,Unusual Navigation,Awwwards — Sites of the Day,https://www.awwwards.com/websites/sites_of_the_day/?page=56
1160,J,BlueYard,https://www.awwwards.com/sites/blueyard,motion,固定UI・ナビゲーション候補,Unusual Navigation,Awwwards — Sites of the Day,https://www.awwwards.com/websites/sites_of_the_day/?page=56
1171,K,20 Years of Xbox Museum,https://www.awwwards.com/sites/20-years-of-xbox-museum,motion,固定UI・ナビゲーション候補,Unusual Navigation,Awwwards — Sites of the Day,https://www.awwwards.com/websites/sites_of_the_day/?page=56
1172,K,The Future in Mind,https://www.awwwards.com/sites/the-future-in-mind,motion,固定UI・ナビゲーション候補,Unusual Navigation,Awwwards — Sites of the Day,https://www.awwwards.com/websites/sites_of_the_day/?page=56
1180,K,Dola,https://www.awwwards.com/sites/dola,motion,固定UI・ナビゲーション候補,Header Design,Awwwards — Sites of the Day,https://www.awwwards.com/websites/sites_of_the_day/?page=56
1195,K,ETQ Amsterdam,https://www.awwwards.com/sites/etq-amsterdam-1,motion,固定UI・ナビゲーション候補,Navigation Menu,Awwwards — Sites of the Day,https://www.awwwards.com/websites/sites_of_the_day/?page=57
1199,K,Aquerone,https://www.awwwards.com/sites/aquerone,motion,固定UI・ナビゲーション候補,Footer Design / Menu - Horizontal,Awwwards — Sites of the Day,https://www.awwwards.com/websites/sites_of_the_day/?page=57
1209,K,Artisans d'Idées,https://www.awwwards.com/sites/artisans-didees,motion,固定UI・ナビゲーション候補,Unusual Navigation,Awwwards — Sites of the Day,https://www.awwwards.com/websites/sites_of_the_day/?page=57
1211,K,Miranda – Paper Portfolio,https://www.awwwards.com/sites/miranda-paper-portfolio,motion,固定UI・ナビゲーション候補,Navigation Menu,Awwwards — Sites of the Day,https://www.awwwards.com/websites/sites_of_the_day/?page=57
1224,K,Lunchbox,https://www.awwwards.com/sites/lunchbox,motion,固定UI・ナビゲーション候補,Navigation Menu,Awwwards — Sites of the Day,https://www.awwwards.com/websites/sites_of_the_day/?page=58
1227,K,Speedy,https://www.awwwards.com/sites/speedy,motion,固定UI・ナビゲーション候補,Header Design,Awwwards — Sites of the Day,https://www.awwwards.com/websites/sites_of_the_day/?page=58
1239,K,Feldman.Studio,https://www.awwwards.com/sites/feldman-studio,motion,固定UI・ナビゲーション候補,Header Design,Awwwards — Sites of the Day,https://www.awwwards.com/websites/sites_of_the_day/?page=58
1254,K,Lemkus,https://www.awwwards.com/sites/lemkus,motion,固定UI・ナビゲーション候補,Footer Design / Navigation Menu,Awwwards — Sites of the Day,https://www.awwwards.com/websites/sites_of_the_day/?page=59
1267,K,Path Robotics,https://www.awwwards.com/sites/path-robotics,typography,固定UI・ナビゲーション候補,Header Design,Awwwards — Sites of the Day,https://www.awwwards.com/websites/sites_of_the_day/?page=59
1270,K,Eva Habermann,https://www.awwwards.com/sites/eva-habermann,motion,固定UI・ナビゲーション候補,Footer Design,Awwwards — Sites of the Day,https://www.awwwards.com/websites/sites_of_the_day/?page=59
1274,K,The message to Ukraine,https://www.awwwards.com/sites/the-message-to-ukraine,motion,固定UI・ナビゲーション候補,Navigation Menu,Awwwards — Sites of the Day,https://www.awwwards.com/websites/sites_of_the_day/?page=59
1281,L,Ljubicic Tennis Academy,https://www.awwwards.com/sites/ljubicic-tennis-academy,motion,固定UI・ナビゲーション候補,Header Design,Awwwards — Sites of the Day,https://www.awwwards.com/websites/sites_of_the_day/?page=60
1285,L,Bannister & Associates,https://www.awwwards.com/sites/bannister-associates,motion,固定UI・ナビゲーション候補,Unusual Navigation,Awwwards — Sites of the Day,https://www.awwwards.com/websites/sites_of_the_day/?page=60
1294,L,Joseph Berry Masterclass,https://www.awwwards.com/sites/joseph-berry-masterclass,motion,固定UI・ナビゲーション候補,Navigation Menu,Awwwards — Sites of the Day,https://www.awwwards.com/websites/sites_of_the_day/?page=60
1297,L,Scepter & Sword Wine Co.,https://www.awwwards.com/sites/scepter-sword-wine-co,product,固定UI・ナビゲーション候補,Unusual Navigation,Awwwards — Sites of the Day,https://www.awwwards.com/websites/sites_of_the_day/?page=60
1302,L,Etienne Barbedette - Portfolio,https://www.awwwards.com/sites/etienne-barbedette-portfolio,motion,固定UI・ナビゲーション候補,Menu - Vertical,Awwwards — Sites of the Day,https://www.awwwards.com/websites/sites_of_the_day/?page=60
1314,L,Beyond the Fold,https://www.awwwards.com/sites/beyond-the-fold,motion,固定UI・ナビゲーション候補,Unusual Navigation,Awwwards — Sites of the Day,https://www.awwwards.com/websites/sites_of_the_day/?page=61
1316,L,-99® design studio,https://www.awwwards.com/sites/99-r-design-studio,motion,固定UI・ナビゲーション候補,Navigation Menu,Awwwards — Sites of the Day,https://www.awwwards.com/websites/sites_of_the_day/?page=61
1322,L,Floema Jewelry,https://www.awwwards.com/sites/floema-jewelry,motion,固定UI・ナビゲーション候補,Unusual Navigation,Awwwards — Sites of the Day,https://www.awwwards.com/websites/sites_of_the_day/?page=61
1323,L,Wanda,https://www.awwwards.com/sites/wanda-1,motion,固定UI・ナビゲーション候補,Unusual Navigation,Awwwards — Sites of the Day,https://www.awwwards.com/websites/sites_of_the_day/?page=61
1324,L,Boston University Theatre 2021,https://www.awwwards.com/sites/boston-university-theatre-2021,layout,固定UI・ナビゲーション候補,Unusual Navigation,Awwwards — Sites of the Day,https://www.awwwards.com/websites/sites_of_the_day/?page=61
1329,L,Pone - LISTEN AND DONATE,https://www.awwwards.com/sites/pone-listen-and-donate,motion,固定UI・ナビゲーション候補,Unusual Navigation,Awwwards — Sites of the Day,https://www.awwwards.com/websites/sites_of_the_day/?page=61
1351,L,"Fan Study, Spotify for Artists",https://www.awwwards.com/sites/fan-study-spotify-for-artists,motion,固定UI・ナビゲーション候補,Menu - Horizontal,Awwwards — Sites of the Day,https://www.awwwards.com/websites/sites_of_the_day/?page=62
1354,L,Afterglo,https://www.awwwards.com/sites/afterglo,motion,固定UI・ナビゲーション候補,Footer Design,Awwwards — Sites of the Day,https://www.awwwards.com/websites/sites_of_the_day/?page=62
1360,L,Niarra Travel,https://www.awwwards.com/sites/niarra-travel,motion,固定UI・ナビゲーション候補,Header Design,Awwwards — Sites of the Day,https://www.awwwards.com/websites/sites_of_the_day/?page=62
1364,L,The Endless Letter,https://www.awwwards.com/sites/the-endless-letter,motion,固定UI・ナビゲーション候補,Unusual Navigation,Awwwards — Sites of the Day,https://www.awwwards.com/websites/sites_of_the_day/?page=62
1366,L,The MythBuster Challenge,https://www.awwwards.com/sites/the-mythbuster-challenge,motion,固定UI・ナビゲーション候補,Unusual Navigation,Awwwards — Sites of the Day,https://www.awwwards.com/websites/sites_of_the_day/?page=62
1370,L,Jameen Tarlier,https://www.awwwards.com/sites/jameen-tarlier,motion,固定UI・ナビゲーション候補,Menu - Vertical,Awwwards — Sites of the Day,https://www.awwwards.com/websites/sites_of_the_day/?page=62
1375,L,SuperFan Studio,https://www.awwwards.com/sites/superfan-studio,motion,固定UI・ナビゲーション候補,Unusual Navigation,Awwwards — Sites of the Day,https://www.awwwards.com/websites/sites_of_the_day/?page=63
1376,L,Cyberphotos,https://www.awwwards.com/sites/cyberphotos,motion,固定UI・ナビゲーション候補,Navigation Menu,Awwwards — Sites of the Day,https://www.awwwards.com/websites/sites_of_the_day/?page=63
1390,L,Best Things for Everything,https://www.awwwards.com/sites/best-things-for-everything,motion,固定UI・ナビゲーション候補,Unusual Navigation,Awwwards — Sites of the Day,https://www.awwwards.com/websites/sites_of_the_day/?page=63
1392,M,Apose,https://www.awwwards.com/sites/apose,ecommerce,固定UI・ナビゲーション候補,Navigation Menu,Awwwards — Sites of the Day,https://www.awwwards.com/websites/sites_of_the_day/?page=63
1395,M,Fingerspelling.xyz,https://www.awwwards.com/sites/fingerspelling-xyz,motion,固定UI・ナビゲーション候補,Unusual Navigation,Awwwards — Sites of the Day,https://www.awwwards.com/websites/sites_of_the_day/?page=63
1406,M,Finely Crafted,https://www.awwwards.com/sites/finely-crafted,motion,固定UI・ナビゲーション候補,Unusual Navigation,Awwwards — Sites of the Day,https://www.awwwards.com/websites/sites_of_the_day/?page=64
1418,M,Fontshare,https://www.awwwards.com/sites/fontshare,typography,固定UI・ナビゲーション候補,Menu - Horizontal,Awwwards — Sites of the Day,https://www.awwwards.com/websites/sites_of_the_day/?page=64
1437,M,Garoa Skincare,https://www.awwwards.com/sites/garoa-skincare,motion,固定UI・ナビゲーション候補,Header Design,Awwwards — Sites of the Day,https://www.awwwards.com/websites/sites_of_the_day/?page=65
1445,M,Mank the Unmaking,https://www.awwwards.com/sites/mank-the-unmaking,motion,固定UI・ナビゲーション候補,Navigation Menu,Awwwards — Sites of the Day,https://www.awwwards.com/websites/sites_of_the_day/?page=65
1452,M,MAD,https://www.awwwards.com/sites/mad-1,motion,固定UI・ナビゲーション候補,Unusual Navigation,Awwwards — Sites of the Day,https://www.awwwards.com/websites/sites_of_the_day/?page=65
1455,M,Léonard Agency,https://www.awwwards.com/sites/leonard-agency,motion,固定UI・ナビゲーション候補,Unusual Navigation,Awwwards — Sites of the Day,https://www.awwwards.com/websites/sites_of_the_day/?page=65
1458,M,Cevitxef,https://www.awwwards.com/sites/cevitxef,layout,固定UI・ナビゲーション候補,Footer Design,Awwwards — Sites of the Day,https://www.awwwards.com/websites/sites_of_the_day/?page=65
1479,M,Antara Studio,https://www.awwwards.com/sites/antara-studio,motion,固定UI・ナビゲーション候補,Header Design,Awwwards — Sites of the Day,https://www.awwwards.com/websites/sites_of_the_day/?page=66
1480,M,Public --- Domain,https://www.awwwards.com/sites/public-domain,ecommerce,固定UI・ナビゲーション候補,Menu - Horizontal,Awwwards — Sites of the Day,https://www.awwwards.com/websites/sites_of_the_day/?page=66
1488,M,Provider Store,https://www.awwwards.com/sites/provider-store,ecommerce,固定UI・ナビゲーション候補,Navigation Menu,Awwwards — Sites of the Day,https://www.awwwards.com/websites/sites_of_the_day/?page=66
1506,N,AirShifumi,https://www.awwwards.com/sites/airshifumi,motion,固定UI・ナビゲーション候補,Unusual Navigation,Awwwards — Sites of the Day,https://www.awwwards.com/websites/sites_of_the_day/?page=67
1513,N,LIONS GOOD NEWS2020,https://www.awwwards.com/sites/lions-good-news2020,motion,固定UI・ナビゲーション候補,Unusual Navigation,Awwwards — Sites of the Day,https://www.awwwards.com/websites/sites_of_the_day/?page=67
1514,N,Impermanence,https://www.awwwards.com/sites/impermanence,motion,固定UI・ナビゲーション候補,Menu - Horizontal,Awwwards — Sites of the Day,https://www.awwwards.com/websites/sites_of_the_day/?page=67
1518,N,Bad Boys,https://www.awwwards.com/sites/bad-boys,typography,固定UI・ナビゲーション候補,Footer Design / Header Design,Awwwards — Sites of the Day,https://www.awwwards.com/websites/sites_of_the_day/?page=67
1519,N,International Days,https://www.awwwards.com/sites/international-days,motion,固定UI・ナビゲーション候補,Unusual Navigation,Awwwards — Sites of the Day,https://www.awwwards.com/websites/sites_of_the_day/?page=67
1522,N,Angel of Darkness,https://www.awwwards.com/sites/angel-of-darkness,motion,固定UI・ナビゲーション候補,Unusual Navigation,Awwwards — Sites of the Day,https://www.awwwards.com/websites/sites_of_the_day/?page=67
1530,N,Goodfight,https://www.awwwards.com/sites/goodfight-shop,motion,固定UI・ナビゲーション候補,Menu - Horizontal,Awwwards — Sites of the Day,https://www.awwwards.com/websites/sites_of_the_day/?page=68
1532,N,Luckyfolks,https://www.awwwards.com/sites/luckyfolks,motion,固定UI・ナビゲーション候補,Unusual Navigation,Awwwards — Sites of the Day,https://www.awwwards.com/websites/sites_of_the_day/?page=68
1535,N,Philippe Neveu - Portfolio,https://www.awwwards.com/sites/philippe-neveu-portfolio-1,motion,固定UI・ナビゲーション候補,Unusual Navigation,Awwwards — Sites of the Day,https://www.awwwards.com/websites/sites_of_the_day/?page=68
1544,N,Five years of -99,https://www.awwwards.com/sites/five-years-of-99,motion,固定UI・ナビゲーション候補,Unusual Navigation,Awwwards — Sites of the Day,https://www.awwwards.com/websites/sites_of_the_day/?page=68
1547,N,"Nieuw Bergen, Iconic Living.",https://www.awwwards.com/sites/nieuw-bergen-iconic-living,motion,固定UI・ナビゲーション候補,Navigation Menu,Awwwards — Sites of the Day,https://www.awwwards.com/websites/sites_of_the_day/?page=68
1557,N,Mammut Expedition Baikal,https://www.awwwards.com/sites/mammut-expedition-baikal,typography,固定UI・ナビゲーション候補,Unusual Navigation,Awwwards — Sites of the Day,https://www.awwwards.com/websites/sites_of_the_day/?page=68
1558,N,Physics of Beauty,https://www.awwwards.com/sites/physics-of-beauty,motion,固定UI・ナビゲーション候補,Unusual Navigation,Awwwards — Sites of the Day,https://www.awwwards.com/websites/sites_of_the_day/?page=68
1563,N,Moooi - Digital flagship store,https://www.awwwards.com/sites/moooi-digital-flagship-store,typography,固定UI・ナビゲーション候補,Navigation Menu / Unusual Navigation,Awwwards — Sites of the Day,https://www.awwwards.com/websites/sites_of_the_day/?page=69
1585,N,Blindsight,https://www.awwwards.com/sites/blindsight,motion,固定UI・ナビゲーション候補,Unusual Navigation,Awwwards — Sites of the Day,https://www.awwwards.com/websites/sites_of_the_day/?page=69
1604,N,Simon Daufresne,https://www.awwwards.com/sites/simon-daufresne,motion,固定UI・ナビゲーション候補,Navigation Menu,Awwwards — Sites of the Day,https://www.awwwards.com/websites/sites_of_the_day/?page=70
1618,N,Fledge,https://www.awwwards.com/sites/fledge,motion,固定UI・ナビゲーション候補,Menu - Vertical,Awwwards — Sites of the Day,https://www.awwwards.com/websites/sites_of_the_day/?page=70
1624,O,The Bartlett Summer Show 2020,https://www.awwwards.com/sites/the-bartlett-summer-show-2020,motion,固定UI・ナビゲーション候補,Unusual Navigation,Awwwards — Sites of the Day,https://www.awwwards.com/websites/sites_of_the_day/?page=71
1625,O,TM,https://www.awwwards.com/sites/tm,motion,固定UI・ナビゲーション候補,Navigation Menu,Awwwards — Sites of the Day,https://www.awwwards.com/websites/sites_of_the_day/?page=71
1628,O,Spline Group,https://www.awwwards.com/sites/spline-group,motion,固定UI・ナビゲーション候補,Footer Design,Awwwards — Sites of the Day,https://www.awwwards.com/websites/sites_of_the_day/?page=71
1629,O,DuallStudio,https://www.awwwards.com/sites/duallstudio,motion,固定UI・ナビゲーション候補,Navigation Menu,Awwwards — Sites of the Day,https://www.awwwards.com/websites/sites_of_the_day/?page=71
1635,O,Pizza Pizza,https://www.awwwards.com/sites/pizza-pizza,typography,固定UI・ナビゲーション候補,Unusual Navigation,Awwwards — Sites of the Day,https://www.awwwards.com/websites/sites_of_the_day/?page=71
1639,O,Vault49,https://www.awwwards.com/sites/vault49,motion,固定UI・ナビゲーション候補,Footer Design,Awwwards — Sites of the Day,https://www.awwwards.com/websites/sites_of_the_day/?page=71
1652,O,SDU - Future Education,https://www.awwwards.com/sites/sdu-future-education,motion,固定UI・ナビゲーション候補,Unusual Navigation,Awwwards — Sites of the Day,https://www.awwwards.com/websites/sites_of_the_day/?page=72
1655,O,TWKS,https://www.awwwards.com/sites/twks,motion,固定UI・ナビゲーション候補,Navigation Menu,Awwwards — Sites of the Day,https://www.awwwards.com/websites/sites_of_the_day/?page=72
1680,O,The Outpost,https://www.awwwards.com/sites/the-outpost,motion,固定UI・ナビゲーション候補,Menu - Vertical,Awwwards — Sites of the Day,https://www.awwwards.com/websites/sites_of_the_day/?page=72
1682,O,Story Line,https://www.awwwards.com/sites/story-line,motion,固定UI・ナビゲーション候補,Unusual Navigation,Awwwards — Sites of the Day,https://www.awwwards.com/websites/sites_of_the_day/?page=72
1698,O,Million Piece Mission,https://www.awwwards.com/sites/million-piece-mission,motion,固定UI・ナビゲーション候補,Unusual Navigation,Awwwards — Sites of the Day,https://www.awwwards.com/websites/sites_of_the_day/?page=73
1699,O,Depositphotos. Evolution,https://www.awwwards.com/sites/depositphoto-evolution,motion,固定UI・ナビゲーション候補,Footer Design,Awwwards — Sites of the Day,https://www.awwwards.com/websites/sites_of_the_day/?page=73
1710,O,Everyday Experiments,https://www.awwwards.com/sites/everyday-experiments,motion,固定UI・ナビゲーション候補,Menu - Horizontal,Awwwards — Sites of the Day,https://www.awwwards.com/websites/sites_of_the_day/?page=73
1714,O,Safari Riot,https://www.awwwards.com/sites/safari-riot,motion,固定UI・ナビゲーション候補,Unusual Navigation,Awwwards — Sites of the Day,https://www.awwwards.com/websites/sites_of_the_day/?page=74
1723,O,ENID,https://www.awwwards.com/sites/enid,motion,固定UI・ナビゲーション候補,Unusual Navigation,Awwwards — Sites of the Day,https://www.awwwards.com/websites/sites_of_the_day/?page=74
1726,O,REKKI,https://www.awwwards.com/sites/rekki,typography,固定UI・ナビゲーション候補,Unusual Navigation,Awwwards — Sites of the Day,https://www.awwwards.com/websites/sites_of_the_day/?page=74
1737,P,Le Cantiche 1320,https://www.awwwards.com/sites/le-cantiche-1320,motion,固定UI・ナビゲーション候補,Menu - Vertical,Awwwards — Sites of the Day,https://www.awwwards.com/websites/sites_of_the_day/?page=74
1761,P,Martine Rose,https://www.awwwards.com/sites/martine-rose,ecommerce,固定UI・ナビゲーション候補,Header Design / Navigation Menu,Awwwards — Sites of the Day,https://www.awwwards.com/websites/sites_of_the_day/?page=75
1769,P,Adam Ho Portfolio,https://www.awwwards.com/sites/adam-ho-portfolio-1,typography,固定UI・ナビゲーション候補,Header Design,Awwwards — Sites of the Day,https://www.awwwards.com/websites/sites_of_the_day/?page=75
1770,P,HENGE,https://www.awwwards.com/sites/henge-1,motion,固定UI・ナビゲーション候補,Navigation Menu,Awwwards — Sites of the Day,https://www.awwwards.com/websites/sites_of_the_day/?page=75
1772,P,Edoardo Smerilli–Film Director,https://www.awwwards.com/sites/edoardo-smerilli-film-director,motion,固定UI・ナビゲーション候補,Footer Design,Awwwards — Sites of the Day,https://www.awwwards.com/websites/sites_of_the_day/?page=75
1781,P,Skål Agence,https://www.awwwards.com/sites/skal-agence,motion,固定UI・ナビゲーション候補,Menu - Vertical,Awwwards — Sites of the Day,https://www.awwwards.com/websites/sites_of_the_day/?page=76
1795,P,Polly Kole,https://www.awwwards.com/sites/polly-kole,motion,固定UI・ナビゲーション候補,Unusual Navigation,Awwwards — Sites of the Day,https://www.awwwards.com/websites/sites_of_the_day/?page=76
1798,P,BALLSYSTEM,https://www.awwwards.com/sites/ballsystem,motion,固定UI・ナビゲーション候補,Navigation Menu,Awwwards — Sites of the Day,https://www.awwwards.com/websites/sites_of_the_day/?page=76
1807,P,Cellular Agriculture Society,https://www.awwwards.com/sites/cellular-agriculture-society,motion,固定UI・ナビゲーション候補,Unusual Navigation,Awwwards — Sites of the Day,https://www.awwwards.com/websites/sites_of_the_day/?page=77
1808,P,eyesprint,https://www.awwwards.com/sites/eyesprint,motion,固定UI・ナビゲーション候補,Navigation Menu,Awwwards — Sites of the Day,https://www.awwwards.com/websites/sites_of_the_day/?page=77
1812,P,Wannabe™,https://www.awwwards.com/sites/wannabe-2,motion,固定UI・ナビゲーション候補,Menu - Horizontal,Awwwards — Sites of the Day,https://www.awwwards.com/websites/sites_of_the_day/?page=77
1817,P,Acura: Beat That,https://www.awwwards.com/sites/acura-beat-that,motion,固定UI・ナビゲーション候補,Unusual Navigation,Awwwards — Sites of the Day,https://www.awwwards.com/websites/sites_of_the_day/?page=77
1827,P,Throwbacks Music,https://www.awwwards.com/sites/throwbacks-music,motion,固定UI・ナビゲーション候補,Menu - Horizontal,Awwwards — Sites of the Day,https://www.awwwards.com/websites/sites_of_the_day/?page=77
1832,P,Parsons Branding,https://www.awwwards.com/sites/parsons-branding,motion,固定UI・ナビゲーション候補,Unusual Navigation,Awwwards — Sites of the Day,https://www.awwwards.com/websites/sites_of_the_day/?page=77
1835,P,kern inc.,https://www.awwwards.com/sites/kern-inc,motion,固定UI・ナビゲーション候補,Navigation Menu,Awwwards — Sites of the Day,https://www.awwwards.com/websites/sites_of_the_day/?page=77
1840,P,The Year of Greta,https://www.awwwards.com/sites/the-year-of-greta,motion,固定UI・ナビゲーション候補,Unusual Navigation,Awwwards — Sites of the Day,https://www.awwwards.com/websites/sites_of_the_day/?page=78
1846,P,Connect Homes,https://www.awwwards.com/sites/connect-homes,motion,固定UI・ナビゲーション候補,Unusual Navigation,Awwwards — Sites of the Day,https://www.awwwards.com/websites/sites_of_the_day/?page=78
1851,Q,LEQB,https://www.awwwards.com/sites/leqb,motion,固定UI・ナビゲーション候補,Navigation Menu,Awwwards — Sites of the Day,https://www.awwwards.com/websites/sites_of_the_day/?page=78
1856,Q,Erika Senft Miller,https://www.awwwards.com/sites/erika-senft-miller,motion,固定UI・ナビゲーション候補,Unusual Navigation,Awwwards — Sites of the Day,https://www.awwwards.com/websites/sites_of_the_day/?page=78
1858,Q,Let Girls Dream,https://www.awwwards.com/sites/let-girls-dream,motion,固定UI・ナビゲーション候補,Unusual Navigation,Awwwards — Sites of the Day,https://www.awwwards.com/websites/sites_of_the_day/?page=78
1868,Q,RED Company,https://www.awwwards.com/sites/red-company,layout,固定UI・ナビゲーション候補,Menu - Vertical,Awwwards — Sites of the Day,https://www.awwwards.com/websites/sites_of_the_day/?page=78
1890,Q,FPP,https://www.awwwards.com/sites/fpp,motion,固定UI・ナビゲーション候補,Navigation Menu,Awwwards — Sites of the Day,https://www.awwwards.com/websites/sites_of_the_day/?page=79
1897,Q,Longshot Features,https://www.awwwards.com/sites/longshot-features,motion,固定UI・ナビゲーション候補,Unusual Navigation,Awwwards — Sites of the Day,https://www.awwwards.com/websites/sites_of_the_day/?page=79
1903,Q,Steer the Deer,https://www.awwwards.com/sites/steer-the-deer,motion,固定UI・ナビゲーション候補,Unusual Navigation,Awwwards — Sites of the Day,https://www.awwwards.com/websites/sites_of_the_day/?page=80
1904,Q,David William Baum,https://www.awwwards.com/sites/david-william-baum,motion,固定UI・ナビゲーション候補,Unusual Navigation,Awwwards — Sites of the Day,https://www.awwwards.com/websites/sites_of_the_day/?page=80
1906,Q,Ilya Kulbachny,https://www.awwwards.com/sites/ilya-kulbachny,motion,固定UI・ナビゲーション候補,Navigation Menu,Awwwards — Sites of the Day,https://www.awwwards.com/websites/sites_of_the_day/?page=80
1912,Q,Esperanto,https://www.awwwards.com/sites/esperanto,motion,固定UI・ナビゲーション候補,Menu - Vertical / Unusual Navigation,Awwwards — Sites of the Day,https://www.awwwards.com/websites/sites_of_the_day/?page=80
1926,Q,Trip in the dark,https://www.awwwards.com/sites/trip-in-the-dark,motion,固定UI・ナビゲーション候補,Unusual Navigation,Awwwards — Sites of the Day,https://www.awwwards.com/websites/sites_of_the_day/?page=80
1927,Q,The St. Regis Venice Hotel,https://www.awwwards.com/sites/the-st-regis-venice-hotel,motion,固定UI・ナビゲーション候補,Navigation Menu,Awwwards — Sites of the Day,https://www.awwwards.com/websites/sites_of_the_day/?page=80
1936,Q,L'occitane: Seeds of dreams,https://www.awwwards.com/sites/loccitane-seeds-of-dreams,motion,固定UI・ナビゲーション候補,Unusual Navigation,Awwwards — Sites of the Day,https://www.awwwards.com/websites/sites_of_the_day/?page=81
1960,Q,Soletanche Bachy experience,https://www.awwwards.com/sites/soletanche-bachy-experience,motion,固定UI・ナビゲーション候補,Navigation Menu,Awwwards — Sites of the Day,https://www.awwwards.com/websites/sites_of_the_day/?page=81
1966,R,Composition 24,https://www.awwwards.com/sites/composition-24,motion,固定UI・ナビゲーション候補,Menu - Horizontal,Awwwards — Sites of the Day,https://www.awwwards.com/websites/sites_of_the_day/?page=82
1977,R,District2 Studio,https://www.awwwards.com/sites/district2-studio,motion,固定UI・ナビゲーション候補,Menu - Horizontal,Awwwards — Sites of the Day,https://www.awwwards.com/websites/sites_of_the_day/?page=82
1983,R,FILA Explore,https://www.awwwards.com/sites/fila-explore,motion,固定UI・ナビゲーション候補,Unusual Navigation,Awwwards — Sites of the Day,https://www.awwwards.com/websites/sites_of_the_day/?page=82
1993,R,Déplacé Maison,https://www.awwwards.com/sites/deplace-maison,motion,固定UI・ナビゲーション候補,Footer Design,Awwwards — Sites of the Day,https://www.awwwards.com/websites/sites_of_the_day/?page=83
2001,R,Uncanny Valley Studio,https://www.awwwards.com/sites/uncanny-valley-studio,motion,固定UI・ナビゲーション候補,Unusual Navigation,Awwwards — Sites of the Day,https://www.awwwards.com/websites/sites_of_the_day/?page=101
2005,R,BASIC Culture Manual,https://www.awwwards.com/sites/basic-culture-manual,motion,固定UI・ナビゲーション候補,Navigation Menu,Awwwards — Sites of the Day,https://www.awwwards.com/websites/sites_of_the_day/?page=101
2008,R,Chobani.com,https://www.awwwards.com/sites/chobani-com,motion,固定UI・ナビゲーション候補,Navigation Menu,Awwwards — Sites of the Day,https://www.awwwards.com/websites/sites_of_the_day/?page=101
2014,R,Khenpo Sodargye,https://www.awwwards.com/sites/khenpo-sodargye,motion,固定UI・ナビゲーション候補,Navigation Menu,Awwwards — Sites of the Day,https://www.awwwards.com/websites/sites_of_the_day/?page=101
2017,R,Varagon,https://www.awwwards.com/sites/varagon,motion,固定UI・ナビゲーション候補,Navigation Menu,Awwwards — Sites of the Day,https://www.awwwards.com/websites/sites_of_the_day/?page=101
2018,R,50 Years of Charts,https://www.awwwards.com/sites/50-years-of-charts,motion,固定UI・ナビゲーション候補,Unusual Navigation,Awwwards — Sites of the Day,https://www.awwwards.com/websites/sites_of_the_day/?page=101
2019,R,yelvy,https://www.awwwards.com/sites/yelvy,motion,固定UI・ナビゲーション候補,Navigation Menu,Awwwards — Sites of the Day,https://www.awwwards.com/websites/sites_of_the_day/?page=101
2024,R,Fubiz Studio,https://www.awwwards.com/sites/fubiz-studio,motion,固定UI・ナビゲーション候補,Navigation Menu,Awwwards — Sites of the Day,https://www.awwwards.com/websites/sites_of_the_day/?page=101
2028,R,Wed'ze - Lookbook Winter 17-18,https://www.awwwards.com/sites/wedze-lookbook-winter-17-18,motion,固定UI・ナビゲーション候補,Navigation Menu,Awwwards — Sites of the Day,https://www.awwwards.com/websites/sites_of_the_day/?page=101
2035,R,Places of intimacy,https://www.awwwards.com/sites/places-of-intimacy,motion,固定UI・ナビゲーション候補,Navigation Menu,Awwwards — Sites of the Day,https://www.awwwards.com/websites/sites_of_the_day/?page=102
2037,R,makemepulse 2018 wishes,https://www.awwwards.com/sites/makemepulse-2018-wishes,motion,固定UI・ナビゲーション候補,Unusual Navigation,Awwwards — Sites of the Day,https://www.awwwards.com/websites/sites_of_the_day/?page=102
2044,R,Johannes Leonardo,https://www.awwwards.com/sites/johannes-leonardo,typography,固定UI・ナビゲーション候補,Navigation Menu,Awwwards — Sites of the Day,https://www.awwwards.com/websites/sites_of_the_day/?page=102
2045,R,Ueno 3D Interview,https://www.awwwards.com/sites/ueno-3d-interview,motion,固定UI・ナビゲーション候補,Unusual Navigation,Awwwards — Sites of the Day,https://www.awwwards.com/websites/sites_of_the_day/?page=102
2051,R,Possibles,https://www.awwwards.com/sites/possibles,motion,固定UI・ナビゲーション候補,Navigation Menu,Awwwards — Sites of the Day,https://www.awwwards.com/websites/sites_of_the_day/?page=102
2056,R,Studio OUAM,https://www.awwwards.com/sites/studio-ouam,motion,固定UI・ナビゲーション候補,Menu - Vertical,Awwwards — Sites of the Day,https://www.awwwards.com/websites/sites_of_the_day/?page=102
2058,R,UIX,https://www.awwwards.com/sites/uix,motion,固定UI・ナビゲーション候補,Unusual Navigation,Awwwards — Sites of the Day,https://www.awwwards.com/websites/sites_of_the_day/?page=102
2059,R,Gusto Play,https://www.awwwards.com/sites/gusto-play,motion,固定UI・ナビゲーション候補,Unusual Navigation,Awwwards — Sites of the Day,https://www.awwwards.com/websites/sites_of_the_day/?page=102
2060,R,Leviev Group,https://www.awwwards.com/sites/leviev-group,motion,固定UI・ナビゲーション候補,Unusual Navigation,Awwwards — Sites of the Day,https://www.awwwards.com/websites/sites_of_the_day/?page=102
2062,R,Nike Cortez 45th Anniversary,https://www.awwwards.com/sites/nike-cortez-45th-anniversary,motion,固定UI・ナビゲーション候補,Unusual Navigation,Awwwards — Sites of the Day,https://www.awwwards.com/websites/sites_of_the_day/?page=102
2071,R,A Message From Earth,https://www.awwwards.com/sites/a-message-from-earth,motion,固定UI・ナビゲーション候補,Unusual Navigation,Awwwards — Sites of the Day,https://www.awwwards.com/websites/sites_of_the_day/?page=103
2076,R,Austria. A getaway for two.,https://www.awwwards.com/sites/austria-a-getaway-for-two,motion,固定UI・ナビゲーション候補,Navigation Menu,Awwwards — Sites of the Day,https://www.awwwards.com/websites/sites_of_the_day/?page=103
2079,R,Red Collar's Team,https://www.awwwards.com/sites/red-collars-team,motion,固定UI・ナビゲーション候補,Unusual Navigation,Awwwards — Sites of the Day,https://www.awwwards.com/websites/sites_of_the_day/?page=103
2087,S,Ben Mingo — Portfolio,https://www.awwwards.com/sites/ben-mingo-portfolio,motion,固定UI・ナビゲーション候補,Unusual Navigation,Awwwards — Sites of the Day,https://www.awwwards.com/websites/sites_of_the_day/?page=103
2093,S,Paradiso,https://www.awwwards.com/sites/paradiso,layout,固定UI・ナビゲーション候補,Navigation Menu,Awwwards — Sites of the Day,https://www.awwwards.com/websites/sites_of_the_day/?page=103
2094,S,Open Wear,https://www.awwwards.com/sites/open-wear,motion,固定UI・ナビゲーション候補,Menu - Horizontal,Awwwards — Sites of the Day,https://www.awwwards.com/websites/sites_of_the_day/?page=104
2098,S,VÖLLEREI - Restaurant & Bar,https://www.awwwards.com/sites/vollerei-restaurant-bar,motion,固定UI・ナビゲーション候補,Unusual Navigation,Awwwards — Sites of the Day,https://www.awwwards.com/websites/sites_of_the_day/?page=104
2102,S,Performance Socks - Pacific&Co,https://www.awwwards.com/sites/performance-pacific-co,motion,固定UI・ナビゲーション候補,Unusual Navigation,Awwwards — Sites of the Day,https://www.awwwards.com/websites/sites_of_the_day/?page=104
2111,S,RUYA,https://www.awwwards.com/sites/ruya,motion,固定UI・ナビゲーション候補,Navigation Menu,Awwwards — Sites of the Day,https://www.awwwards.com/websites/sites_of_the_day/?page=104
2115,S,Vintage,https://www.awwwards.com/sites/vintage,motion,固定UI・ナビゲーション候補,Unusual Navigation,Awwwards — Sites of the Day,https://www.awwwards.com/websites/sites_of_the_day/?page=104
2116,S,One Shared House 2030,https://www.awwwards.com/sites/one-shared-house-2030,typography,固定UI・ナビゲーション候補,Unusual Navigation,Awwwards — Sites of the Day,https://www.awwwards.com/websites/sites_of_the_day/?page=104
2120,S,TenTwenty Digital Agency,https://www.awwwards.com/sites/tentwenty-digital-agency,motion,固定UI・ナビゲーション候補,Unusual Navigation,Awwwards — Sites of the Day,https://www.awwwards.com/websites/sites_of_the_day/?page=104
2128,S,Kaltpresse,https://www.awwwards.com/sites/kaltpresse,typography,固定UI・ナビゲーション候補,Unusual Navigation,Awwwards — Sites of the Day,https://www.awwwards.com/websites/sites_of_the_day/?page=105
2132,S,À l'heure du lait,https://www.awwwards.com/sites/ferme-latiere,motion,固定UI・ナビゲーション候補,Unusual Navigation,Awwwards — Sites of the Day,https://www.awwwards.com/websites/sites_of_the_day/?page=105
2135,S,Your Beyond Awaits,https://www.awwwards.com/sites/your-beyond-awaits,motion,固定UI・ナビゲーション候補,Navigation Menu,Awwwards — Sites of the Day,https://www.awwwards.com/websites/sites_of_the_day/?page=105
2136,S,Reflet Communication,https://www.awwwards.com/sites/reflet-communication,motion,固定UI・ナビゲーション候補,Navigation Menu,Awwwards — Sites of the Day,https://www.awwwards.com/websites/sites_of_the_day/?page=105
2139,S,The Great Agency,https://www.awwwards.com/sites/the-great-agency,motion,固定UI・ナビゲーション候補,Unusual Navigation,Awwwards — Sites of the Day,https://www.awwwards.com/websites/sites_of_the_day/?page=105
2142,S,THE-ARTERY,https://www.awwwards.com/sites/the-artery,motion,固定UI・ナビゲーション候補,Navigation Menu,Awwwards — Sites of the Day,https://www.awwwards.com/websites/sites_of_the_day/?page=105
2143,S,"EIDOS, a transmedia project",https://www.awwwards.com/sites/eidos-a-transmedia-project,motion,固定UI・ナビゲーション候補,Unusual Navigation,Awwwards — Sites of the Day,https://www.awwwards.com/websites/sites_of_the_day/?page=105
2147,S,Ken Arai,https://www.awwwards.com/sites/ken-arai-portfolio,motion,固定UI・ナビゲーション候補,Unusual Navigation,Awwwards — Sites of the Day,https://www.awwwards.com/websites/sites_of_the_day/?page=105
2151,S,North-East Venture,https://www.awwwards.com/sites/north-east-venture,layout,固定UI・ナビゲーション候補,Navigation Menu,Awwwards — Sites of the Day,https://www.awwwards.com/websites/sites_of_the_day/?page=105
2154,S,BADASS films,https://www.awwwards.com/sites/badass-films,layout,固定UI・ナビゲーション候補,Unusual Navigation,Awwwards — Sites of the Day,https://www.awwwards.com/websites/sites_of_the_day/?page=105
2157,S,love for iceland,https://www.awwwards.com/sites/love-for-iceland,motion,固定UI・ナビゲーション候補,Navigation Menu,Awwwards — Sites of the Day,https://www.awwwards.com/websites/sites_of_the_day/?page=106
2162,S,URSA MAJOR SUPERCLUSTER,https://www.awwwards.com/sites/ursa-major-supercluster,motion,固定UI・ナビゲーション候補,Unusual Navigation,Awwwards — Sites of the Day,https://www.awwwards.com/websites/sites_of_the_day/?page=106
2163,S,Adult Swim Singles 2017,https://www.awwwards.com/sites/adult-swim-singles-2017,motion,固定UI・ナビゲーション候補,Unusual Navigation,Awwwards — Sites of the Day,https://www.awwwards.com/websites/sites_of_the_day/?page=106
2164,S,Simply Chocolate,https://www.awwwards.com/sites/simply-chocolate,motion,固定UI・ナビゲーション候補,Navigation Menu,Awwwards — Sites of the Day,https://www.awwwards.com/websites/sites_of_the_day/?page=106
2167,S,Coulee Creative,https://www.awwwards.com/sites/coulee-creative-agency,motion,固定UI・ナビゲーション候補,Unusual Navigation,Awwwards — Sites of the Day,https://www.awwwards.com/websites/sites_of_the_day/?page=106
2171,S,G-Star Elwood Jeans,https://www.awwwards.com/sites/g-star-elwood-jeans,motion,固定UI・ナビゲーション候補,Unusual Navigation,Awwwards — Sites of the Day,https://www.awwwards.com/websites/sites_of_the_day/?page=106
2173,S,Henning Larsen Architects,https://www.awwwards.com/sites/henning-larsen-architects,motion,固定UI・ナビゲーション候補,Navigation Menu,Awwwards — Sites of the Day,https://www.awwwards.com/websites/sites_of_the_day/?page=106
2175,S,From Here to Everywhere,https://www.awwwards.com/sites/from-here-to-everywhere,motion,固定UI・ナビゲーション候補,Navigation Menu,Awwwards — Sites of the Day,https://www.awwwards.com/websites/sites_of_the_day/?page=106
2192,S,DigitalAsset,https://www.awwwards.com/sites/digitalasset,motion,固定UI・ナビゲーション候補,Navigation Menu,Awwwards — Sites of the Day,https://www.awwwards.com/websites/sites_of_the_day/?page=107
2199,T,It All Comes From Beer,https://www.awwwards.com/sites/it-all-comes-from-beer,motion,固定UI・ナビゲーション候補,Navigation Menu,Awwwards — Sites of the Day,https://www.awwwards.com/websites/sites_of_the_day/?page=107
2201,T,Gleec Chat,https://www.awwwards.com/sites/gleec-chat,motion,固定UI・ナビゲーション候補,Unusual Navigation,Awwwards — Sites of the Day,https://www.awwwards.com/websites/sites_of_the_day/?page=107
2220,T,Cars 3,https://www.awwwards.com/sites/cars-3,layout,固定UI・ナビゲーション候補,Menu - Horizontal,Awwwards — Sites of the Day,https://www.awwwards.com/websites/sites_of_the_day/?page=108
2235,T,BASIC Brandbeats,https://www.awwwards.com/sites/basic-brandbeats,motion,固定UI・ナビゲーション候補,Unusual Navigation,Awwwards — Sites of the Day,https://www.awwwards.com/websites/sites_of_the_day/?page=108
2247,T,Open Continents by Julius Onah,https://www.awwwards.com/sites/open-continents-by-julius-onah,motion,固定UI・ナビゲーション候補,Unusual Navigation,Awwwards — Sites of the Day,https://www.awwwards.com/websites/sites_of_the_day/?page=108
2249,T,ESPN The Body Issue 2017,https://www.awwwards.com/sites/espn-the-body-body-issue-2017,motion,固定UI・ナビゲーション候補,Navigation Menu,Awwwards — Sites of the Day,https://www.awwwards.com/websites/sites_of_the_day/?page=109
2250,T,RONIN AMSTERDAM,https://www.awwwards.com/sites/ronin-amsterdam,motion,固定UI・ナビゲーション候補,Unusual Navigation,Awwwards — Sites of the Day,https://www.awwwards.com/websites/sites_of_the_day/?page=109
2255,T,50 ans du Cinéma,https://www.awwwards.com/sites/50-ans-du-cinema,motion,固定UI・ナビゲーション候補,Navigation Menu,Awwwards — Sites of the Day,https://www.awwwards.com/websites/sites_of_the_day/?page=109
2274,T,7UP,https://www.awwwards.com/sites/7up,motion,固定UI・ナビゲーション候補,Navigation Menu,Awwwards — Sites of the Day,https://www.awwwards.com/websites/sites_of_the_day/?page=109
2275,T,Chris Biron,https://www.awwwards.com/sites/chrisbiron,motion,固定UI・ナビゲーション候補,Unusual Navigation,Awwwards — Sites of the Day,https://www.awwwards.com/websites/sites_of_the_day/?page=109
2276,T,Evert_45 blogs from the past,https://www.awwwards.com/sites/evert-45-blogs-from-the-past,motion,固定UI・ナビゲーション候補,Unusual Navigation,Awwwards — Sites of the Day,https://www.awwwards.com/websites/sites_of_the_day/?page=109
2292,T,Nick Jones Design and Code,https://www.awwwards.com/sites/nick-jones-design-and-code,brand,固定UI・ナビゲーション候補,Navigation Menu,Awwwards — Sites of the Day,https://www.awwwards.com/websites/sites_of_the_day/?page=110
2301,T,Do You Speak Human?,https://www.awwwards.com/sites/do-you-speak-human,motion,固定UI・ナビゲーション候補,Unusual Navigation,Awwwards — Sites of the Day,https://www.awwwards.com/websites/sites_of_the_day/?page=110
2303,T,Workshops - DDD2017,https://www.awwwards.com/sites/workshops-ddd2017,motion,固定UI・ナビゲーション候補,Unusual Navigation,Awwwards — Sites of the Day,https://www.awwwards.com/websites/sites_of_the_day/?page=110
2323,U,Nahel Moussi - Portfolio,https://www.awwwards.com/sites/nahel-moussi-portfolio,motion,固定UI・ナビゲーション候補,Unusual Navigation,Awwwards — Sites of the Day,https://www.awwwards.com/websites/sites_of_the_day/?page=111
2325,U,MTN DEW x NBA,https://www.awwwards.com/sites/mtn-dew-x-nba,motion,固定UI・ナビゲーション候補,Unusual Navigation,Awwwards — Sites of the Day,https://www.awwwards.com/websites/sites_of_the_day/?page=111
2327,U,Le Cafe Noir Studio,https://www.awwwards.com/sites/le-cafe-noir-studio,motion,固定UI・ナビゲーション候補,Menu - Vertical,Awwwards — Sites of the Day,https://www.awwwards.com/websites/sites_of_the_day/?page=111
2332,U,Cedrick Lachot - Portfolio,https://www.awwwards.com/sites/cedrick-lachot-portfolio,motion,固定UI・ナビゲーション候補,Unusual Navigation,Awwwards — Sites of the Day,https://www.awwwards.com/websites/sites_of_the_day/?page=111
2336,U,Casamance,https://www.awwwards.com/sites/casamance,brand,固定UI・ナビゲーション候補,Navigation Menu,Awwwards — Sites of the Day,https://www.awwwards.com/websites/sites_of_the_day/?page=111
2340,U,Ivan Aivazovsky,https://www.awwwards.com/sites/ivan-aivazovsky,motion,固定UI・ナビゲーション候補,Menu - Horizontal,Awwwards — Sites of the Day,https://www.awwwards.com/websites/sites_of_the_day/?page=111
2341,U,Radioaktive Film,https://www.awwwards.com/sites/radioaktive-film,motion,固定UI・ナビゲーション候補,Navigation Menu,Awwwards — Sites of the Day,https://www.awwwards.com/websites/sites_of_the_day/?page=111
2348,U,Les Pedaleurs,https://www.awwwards.com/sites/les-pedaleurs,motion,固定UI・ナビゲーション候補,Unusual Navigation,Awwwards — Sites of the Day,https://www.awwwards.com/websites/sites_of_the_day/?page=112
2355,U,7h34,https://www.awwwards.com/sites/7h34,motion,固定UI・ナビゲーション候補,Navigation Menu,Awwwards — Sites of the Day,https://www.awwwards.com/websites/sites_of_the_day/?page=112
2370,U,InSymbiosis,https://www.awwwards.com/sites/insymbiosis,motion,固定UI・ナビゲーション候補,Menu - Vertical,Awwwards — Sites of the Day,https://www.awwwards.com/websites/sites_of_the_day/?page=112
2372,U,Red Collar's year in review,https://www.awwwards.com/sites/red-collar-s-year-in-review,motion,固定UI・ナビゲーション候補,Unusual Navigation,Awwwards — Sites of the Day,https://www.awwwards.com/websites/sites_of_the_day/?page=112
2373,U,Wealthsimple.com,https://www.awwwards.com/sites/wealthsimple-com,motion,固定UI・ナビゲーション候補,Navigation Menu,Awwwards — Sites of the Day,https://www.awwwards.com/websites/sites_of_the_day/?page=113
2375,U,The Magicians Season 2 Website,https://www.awwwards.com/sites/the-magicians-season-2-website,motion,固定UI・ナビゲーション候補,Unusual Navigation,Awwwards — Sites of the Day,https://www.awwwards.com/websites/sites_of_the_day/?page=113
2378,U,I SPY (With My Five Eyes),https://www.awwwards.com/sites/i-spy-with-my-five-eyes,motion,固定UI・ナビゲーション候補,Navigation Menu / Unusual Navigation,Awwwards — Sites of the Day,https://www.awwwards.com/websites/sites_of_the_day/?page=113
2388,U,Campo alle Comete,https://www.awwwards.com/sites/campo-alle-comete,motion,固定UI・ナビゲーション候補,Unusual Navigation,Awwwards — Sites of the Day,https://www.awwwards.com/websites/sites_of_the_day/?page=113
2389,U,Beoplay H4 - UNFILTERED,https://www.awwwards.com/sites/beoplay-h4-unfiltered,motion,固定UI・ナビゲーション候補,Navigation Menu / Unusual Navigation,Awwwards — Sites of the Day,https://www.awwwards.com/websites/sites_of_the_day/?page=113
2391,U,Make Me Pulse Wishes 2017,https://www.awwwards.com/sites/make-me-pulse-wishes-2017,motion,固定UI・ナビゲーション候補,Navigation Menu,Awwwards — Sites of the Day,https://www.awwwards.com/websites/sites_of_the_day/?page=113
2392,U,Opsundbay,https://www.awwwards.com/sites/opsundbay,motion,固定UI・ナビゲーション候補,Navigation Menu,Awwwards — Sites of the Day,https://www.awwwards.com/websites/sites_of_the_day/?page=113
2403,U,Eskapismus / 110% Magazine,https://www.awwwards.com/sites/eskapismus-110-magazine,motion,固定UI・ナビゲーション候補,Unusual Navigation,Awwwards — Sites of the Day,https://www.awwwards.com/websites/sites_of_the_day/?page=113
2407,U,IGK,https://www.awwwards.com/sites/igk-3,motion,固定UI・ナビゲーション候補,Navigation Menu,Awwwards — Sites of the Day,https://www.awwwards.com/websites/sites_of_the_day/?page=114
2410,U,Cecchi,https://www.awwwards.com/sites/cecchi,motion,固定UI・ナビゲーション候補,Menu - Vertical,Awwwards — Sites of the Day,https://www.awwwards.com/websites/sites_of_the_day/?page=114
2414,U,We3,https://www.awwwards.com/sites/we3,motion,固定UI・ナビゲーション候補,Navigation Menu,Awwwards — Sites of the Day,https://www.awwwards.com/websites/sites_of_the_day/?page=114
2415,U,Cannabis,https://www.awwwards.com/sites/cannabis-arte-tv,motion,固定UI・ナビゲーション候補,Navigation Menu,Awwwards — Sites of the Day,https://www.awwwards.com/websites/sites_of_the_day/?page=114
2420,U,Obrigado Coconut Water,https://www.awwwards.com/sites/obrigado-coconut-water,motion,固定UI・ナビゲーション候補,Unusual Navigation,Awwwards — Sites of the Day,https://www.awwwards.com/websites/sites_of_the_day/?page=114
2441,V,Valerian Intergalactic Mission,https://www.awwwards.com/sites/valerian-intergalactic-mission-game,motion,固定UI・ナビゲーション候補,Navigation Menu,Awwwards — Sites of the Day,https://www.awwwards.com/websites/sites_of_the_day/?page=115
2442,V,Window Wonderland,https://www.awwwards.com/sites/window-wonderland,product,固定UI・ナビゲーション候補,Unusual Navigation,Awwwards — Sites of the Day,https://www.awwwards.com/websites/sites_of_the_day/?page=115
2451,V,Paul Valentine,https://www.awwwards.com/sites/paul-valentine,ecommerce,固定UI・ナビゲーション候補,Menu - Vertical,Awwwards — Sites of the Day,https://www.awwwards.com/websites/sites_of_the_day/?page=115
2454,V,A-dam Underwear,https://www.awwwards.com/sites/a-dam-underwear,motion,固定UI・ナビゲーション候補,Navigation Menu,Awwwards — Sites of the Day,https://www.awwwards.com/websites/sites_of_the_day/?page=115
2463,V,Predictive World,https://www.awwwards.com/sites/predictive-world,motion,固定UI・ナビゲーション候補,Navigation Menu / Unusual Navigation,Awwwards — Sites of the Day,https://www.awwwards.com/websites/sites_of_the_day/?page=115
2471,V,Uprising™ Creative Studio,https://www.awwwards.com/sites/uprising,motion,固定UI・ナビゲーション候補,Unusual Navigation,Awwwards — Sites of the Day,https://www.awwwards.com/websites/sites_of_the_day/?page=116
2472,V,Villes & Paysages,https://www.awwwards.com/sites/villes-paysages,brand,固定UI・ナビゲーション候補,Navigation Menu,Awwwards — Sites of the Day,https://www.awwwards.com/websites/sites_of_the_day/?page=116
2474,V,Reputation Squad,https://www.awwwards.com/sites/reputation-squad,motion,固定UI・ナビゲーション候補,Unusual Navigation,Awwwards — Sites of the Day,https://www.awwwards.com/websites/sites_of_the_day/?page=116
2475,V,JFKC - A Centennial Celebration of John F. Kennedy,https://www.awwwards.com/sites/a-centennial-celebration-of-john-f-kennedy,motion,固定UI・ナビゲーション候補,Navigation Menu,Awwwards — Sites of the Day,https://www.awwwards.com/websites/sites_of_the_day/?page=116
2479,V,Valaire: Oobopopop,https://www.awwwards.com/sites/valaire-oobopopop,motion,固定UI・ナビゲーション候補,Unusual Navigation,Awwwards — Sites of the Day,https://www.awwwards.com/websites/sites_of_the_day/?page=116
2483,V,Diesel Bad Guide,https://www.awwwards.com/sites/diesel-bad-guide,motion,固定UI・ナビゲーション候補,Navigation Menu,Awwwards — Sites of the Day,https://www.awwwards.com/websites/sites_of_the_day/?page=116
2491,V,Hollow,https://www.awwwards.com/sites/hollow,motion,固定UI・ナビゲーション候補,Unusual Navigation,Awwwards — Sites of the Day,https://www.awwwards.com/websites/sites_of_the_day/?page=116
2496,V,Jenny Johannesson – Portfolio,https://www.awwwards.com/sites/jenny-johannesson-portfolio,motion,固定UI・ナビゲーション候補,Navigation Menu,Awwwards — Sites of the Day,https://www.awwwards.com/websites/sites_of_the_day/?page=116
2497,V,Wed'ze - Lookbook Winter 2016-2017,https://www.awwwards.com/sites/wed-ze-lookbook-winter-2016-2017,motion,固定UI・ナビゲーション候補,Unusual Navigation,Awwwards — Sites of the Day,https://www.awwwards.com/websites/sites_of_the_day/?page=117
2499,V,My Grandmother's Lingo,https://www.awwwards.com/sites/my-grandmother-s-lingo,motion,固定UI・ナビゲーション候補,Unusual Navigation,Awwwards — Sites of the Day,https://www.awwwards.com/websites/sites_of_the_day/?page=117
2511,V,Pell Mell Agency,https://www.awwwards.com/sites/pell-mell-agency-fr,typography,固定UI・ナビゲーション候補,Navigation Menu,Awwwards — Sites of the Day,https://www.awwwards.com/websites/sites_of_the_day/?page=117
2515,V,Smith,https://www.awwwards.com/sites/smith,typography,固定UI・ナビゲーション候補,Unusual Navigation,Awwwards — Sites of the Day,https://www.awwwards.com/websites/sites_of_the_day/?page=117
2517,V,Discover Your Patronus,https://www.awwwards.com/sites/discover-your-patronus,motion,固定UI・ナビゲーション候補,Unusual Navigation,Awwwards — Sites of the Day,https://www.awwwards.com/websites/sites_of_the_day/?page=117
2518,V,Thieb - Portfolio,https://www.awwwards.com/sites/thieb-portfolio,motion,固定UI・ナビゲーション候補,Navigation Menu,Awwwards — Sites of the Day,https://www.awwwards.com/websites/sites_of_the_day/?page=117
2523,V,B&O PLAY Autumn/Winter 2016,https://www.awwwards.com/sites/b-o-play-autumn-winter-2016-collection,motion,固定UI・ナビゲーション候補,Navigation Menu,Awwwards — Sites of the Day,https://www.awwwards.com/websites/sites_of_the_day/?page=117
2524,V,ANNIE,https://www.awwwards.com/sites/annie,motion,固定UI・ナビゲーション候補,Navigation Menu,Awwwards — Sites of the Day,https://www.awwwards.com/websites/sites_of_the_day/?page=117
2527,V,Citroën Origins,https://www.awwwards.com/sites/citroen-origins,product,固定UI・ナビゲーション候補,Navigation Menu,Awwwards — Sites of the Day,https://www.awwwards.com/websites/sites_of_the_day/?page=117
2534,V,City of Val-d'Or,https://www.awwwards.com/sites/city-of-val-d-or,motion,固定UI・ナビゲーション候補,Navigation Menu,Awwwards — Sites of the Day,https://www.awwwards.com/websites/sites_of_the_day/?page=118
2540,V,G-Star RAW,https://www.awwwards.com/sites/g-star-raw-campaign,motion,固定UI・ナビゲーション候補,Unusual Navigation,Awwwards — Sites of the Day,https://www.awwwards.com/websites/sites_of_the_day/?page=118
2560,W,Matpat's Game Lab,https://www.awwwards.com/sites/matpats-game-lab,motion,固定UI・ナビゲーション候補,Unusual Navigation,Awwwards — Sites of the Day,https://www.awwwards.com/websites/sites_of_the_day/?page=120
2561,W,Elastique.,https://www.awwwards.com/sites/elastique,motion,固定UI・ナビゲーション候補,Unusual Navigation,Awwwards — Sites of the Day,https://www.awwwards.com/websites/sites_of_the_day/?page=120
2562,W,AIGA Design Conference,https://www.awwwards.com/sites/aiga-design-conference-2016,typography,固定UI・ナビゲーション候補,Unusual Navigation,Awwwards — Sites of the Day,https://www.awwwards.com/websites/sites_of_the_day/?page=120
2564,W,friendly projects,https://www.awwwards.com/sites/friendly-projects,brand,固定UI・ナビゲーション候補,Navigation Menu,Awwwards — Sites of the Day,https://www.awwwards.com/websites/sites_of_the_day/?page=120
2566,W,Spotify x Pitchfork: Inside Discovery,https://www.awwwards.com/sites/spotify-x-pitchfork-inside-discovery-1,motion,固定UI・ナビゲーション候補,Navigation Menu,Awwwards — Sites of the Day,https://www.awwwards.com/websites/sites_of_the_day/?page=120
2578,W,2016 Trends in the watch industry,https://www.awwwards.com/sites/2016-trends-in-the-watch-industry,motion,固定UI・ナビゲーション候補,Unusual Navigation,Awwwards — Sites of the Day,https://www.awwwards.com/websites/sites_of_the_day/?page=120
2579,W,Cuberto,https://www.awwwards.com/sites/cuberto-3,motion,固定UI・ナビゲーション候補,Unusual Navigation,Awwwards — Sites of the Day,https://www.awwwards.com/websites/sites_of_the_day/?page=120
2582,W,Solarin,https://www.awwwards.com/sites/solarin,motion,固定UI・ナビゲーション候補,Unusual Navigation,Awwwards — Sites of the Day,https://www.awwwards.com/websites/sites_of_the_day/?page=120
2589,W,LOCUS SOLUS,https://www.awwwards.com/sites/locus-solus,motion,固定UI・ナビゲーション候補,Unusual Navigation,Awwwards — Sites of the Day,https://www.awwwards.com/websites/sites_of_the_day/?page=120
2595,W,Step Inside Asia,https://www.awwwards.com/sites/step-inside-asia,motion,固定UI・ナビゲーション候補,Unusual Navigation,Awwwards — Sites of the Day,https://www.awwwards.com/websites/sites_of_the_day/?page=121
2600,W,TIMELIKES,https://www.awwwards.com/sites/timelikes,motion,固定UI・ナビゲーション候補,Navigation Menu / Unusual Navigation,Awwwards — Sites of the Day,https://www.awwwards.com/websites/sites_of_the_day/?page=121
2617,W,This Was Louise's Phone,https://www.awwwards.com/sites/this-was-louise-s-phone-1,motion,固定UI・ナビゲーション候補,Navigation Menu,Awwwards — Sites of the Day,https://www.awwwards.com/websites/sites_of_the_day/?page=121
2618,W,Pharrell Williams Personal Website,https://www.awwwards.com/sites/pharrell-williams-personal-website,motion,固定UI・ナビゲーション候補,Unusual Navigation,Awwwards — Sites of the Day,https://www.awwwards.com/websites/sites_of_the_day/?page=121
2619,W,What's Your Hidden Mutant Power?,https://www.awwwards.com/sites/what-s-your-hidden-mutant-power,motion,固定UI・ナビゲーション候補,Unusual Navigation,Awwwards — Sites of the Day,https://www.awwwards.com/websites/sites_of_the_day/?page=121
2620,W,Google Play Redesign,https://www.awwwards.com/sites/google-play-redesign,brand,固定UI・ナビゲーション候補,Navigation Menu,Awwwards — Sites of the Day,https://www.awwwards.com/websites/sites_of_the_day/?page=121
2622,W,Dis-moi Elliot,https://www.awwwards.com/sites/dis-moi-elliot-3,motion,固定UI・ナビゲーション候補,Unusual Navigation,Awwwards — Sites of the Day,https://www.awwwards.com/websites/sites_of_the_day/?page=122
2626,W,Bolden,https://www.awwwards.com/sites/bolden,motion,固定UI・ナビゲーション候補,Unusual Navigation,Awwwards — Sites of the Day,https://www.awwwards.com/websites/sites_of_the_day/?page=122
2628,W,El Caso - Interactive Short Film,https://www.awwwards.com/sites/el-caso-interactive-short-film,layout,固定UI・ナビゲーション候補,Navigation Menu / Unusual Navigation,Awwwards — Sites of the Day,https://www.awwwards.com/websites/sites_of_the_day/?page=122
2635,W,Navigating Responsibly,https://www.awwwards.com/sites/navigating-responsibly,layout,固定UI・ナビゲーション候補,Navigation Menu,Awwwards — Sites of the Day,https://www.awwwards.com/websites/sites_of_the_day/?page=122
2637,W,Focus Bikes: Your Focus Challenge,https://www.awwwards.com/sites/focus-bikes-your-focus-challenge,layout,固定UI・ナビゲーション候補,Unusual Navigation,Awwwards — Sites of the Day,https://www.awwwards.com/websites/sites_of_the_day/?page=122
2641,W,Renate Rechner,https://www.awwwards.com/sites/renate-rechner,motion,固定UI・ナビゲーション候補,Unusual Navigation,Awwwards — Sites of the Day,https://www.awwwards.com/websites/sites_of_the_day/?page=122
2645,W,Veille - Reputation Squad,https://www.awwwards.com/sites/veille-reputation-squad,motion,固定UI・ナビゲーション候補,Unusual Navigation,Awwwards — Sites of the Day,https://www.awwwards.com/websites/sites_of_the_day/?page=122
2653,W,Converse: On The Roofs,https://www.awwwards.com/sites/converse-on-the-roofs,product,固定UI・ナビゲーション候補,Unusual Navigation,Awwwards — Sites of the Day,https://www.awwwards.com/websites/sites_of_the_day/?page=123
2659,X,Diadora: Bright Delivery,https://www.awwwards.com/sites/diadora-bright-delivery,layout,固定UI・ナビゲーション候補,Navigation Menu,Awwwards — Sites of the Day,https://www.awwwards.com/websites/sites_of_the_day/?page=123
2663,X,The MoviePass Quest,https://www.awwwards.com/sites/the-moviepass-quest,motion,固定UI・ナビゲーション候補,Navigation Menu,Awwwards — Sites of the Day,https://www.awwwards.com/websites/sites_of_the_day/?page=123
2668,X,Granny's Secret,https://www.awwwards.com/sites/granny-s-secret,motion,固定UI・ナビゲーション候補,Unusual Navigation,Awwwards — Sites of the Day,https://www.awwwards.com/websites/sites_of_the_day/?page=123
2670,X,The Next Rembrandt,https://www.awwwards.com/sites/the-next-rembrandt,motion,固定UI・ナビゲーション候補,Navigation Menu,Awwwards — Sites of the Day,https://www.awwwards.com/websites/sites_of_the_day/?page=123
2671,X,INRA's 70th anniversary,https://www.awwwards.com/sites/inra-s-70th-anniversary,motion,固定UI・ナビゲーション候補,Unusual Navigation,Awwwards — Sites of the Day,https://www.awwwards.com/websites/sites_of_the_day/?page=123
2674,X,Boombotix Pro,https://www.awwwards.com/sites/boombotix-pro,motion,固定UI・ナビゲーション候補,Navigation Menu,Awwwards — Sites of the Day,https://www.awwwards.com/websites/sites_of_the_day/?page=123
2675,X,VITY'S DESIGN,https://www.awwwards.com/sites/vitys-design,motion,固定UI・ナビゲーション候補,Unusual Navigation,Awwwards — Sites of the Day,https://www.awwwards.com/websites/sites_of_the_day/?page=123
2679,X,The Law of the Jungle,https://www.awwwards.com/sites/the-law-of-the-jungle,motion,固定UI・ナビゲーション候補,Navigation Menu,Awwwards — Sites of the Day,https://www.awwwards.com/websites/sites_of_the_day/?page=123
2681,X,Studio Rotate°,https://www.awwwards.com/sites/studio-rotatedeg,motion,固定UI・ナビゲーション候補,Unusual Navigation,Awwwards — Sites of the Day,https://www.awwwards.com/websites/sites_of_the_day/?page=123
2684,X,Filip Nordin,https://www.awwwards.com/sites/filip-nordin,motion,固定UI・ナビゲーション候補,Unusual Navigation,Awwwards — Sites of the Day,https://www.awwwards.com/websites/sites_of_the_day/?page=124
2687,X,Bonobo Jeans,https://www.awwwards.com/sites/bonobo-jeans,brand,固定UI・ナビゲーション候補,Navigation Menu,Awwwards — Sites of the Day,https://www.awwwards.com/websites/sites_of_the_day/?page=124
2688,X,Discovery Building,https://www.awwwards.com/sites/discovery-building,motion,固定UI・ナビゲーション候補,Unusual Navigation,Awwwards — Sites of the Day,https://www.awwwards.com/websites/sites_of_the_day/?page=124
2698,X,DADA-DATA,https://www.awwwards.com/sites/dada-data,motion,固定UI・ナビゲーション候補,Unusual Navigation,Awwwards — Sites of the Day,https://www.awwwards.com/websites/sites_of_the_day/?page=124
2704,X,Sevenhills - Nature's Combinations,https://www.awwwards.com/sites/sevenhills-nature-s-combinations,motion,固定UI・ナビゲーション候補,Unusual Navigation,Awwwards — Sites of the Day,https://www.awwwards.com/websites/sites_of_the_day/?page=124
2705,X,Love Notes,https://www.awwwards.com/sites/love-notes,motion,固定UI・ナビゲーション候補,Unusual Navigation,Awwwards — Sites of the Day,https://www.awwwards.com/websites/sites_of_the_day/?page=124
2706,X,Rezo Zero,https://www.awwwards.com/sites/rezo-zero-1,brand,固定UI・ナビゲーション候補,Navigation Menu,Awwwards — Sites of the Day,https://www.awwwards.com/websites/sites_of_the_day/?page=124
2708,X,Spring/Summer 2016,https://www.awwwards.com/sites/spring-summer-2016,brand,固定UI・ナビゲーション候補,Navigation Menu,Awwwards — Sites of the Day,https://www.awwwards.com/websites/sites_of_the_day/?page=124
2710,X,Portfolio of Aaron Porter,https://www.awwwards.com/sites/portfolio-of-aaron-porter,motion,固定UI・ナビゲーション候補,Unusual Navigation,Awwwards — Sites of the Day,https://www.awwwards.com/websites/sites_of_the_day/?page=124
2713,X,LA 2024,https://www.awwwards.com/sites/la-2024,motion,固定UI・ナビゲーション候補,Unusual Navigation,Awwwards — Sites of the Day,https://www.awwwards.com/websites/sites_of_the_day/?page=124
2734,X,Oxford House,https://www.awwwards.com/sites/oxford-house,motion,固定UI・ナビゲーション候補,Navigation Menu,Awwwards — Sites of the Day,https://www.awwwards.com/websites/sites_of_the_day/?page=125
2736,X,Active Theory v3,https://www.awwwards.com/sites/active-theory-v3,motion,固定UI・ナビゲーション候補,Navigation Menu,Awwwards — Sites of the Day,https://www.awwwards.com/websites/sites_of_the_day/?page=125
2739,X,Make Me Pulse 2016 Wishes,https://www.awwwards.com/sites/make-me-pulse-2016-wishes,motion,固定UI・ナビゲーション候補,Unusual Navigation,Awwwards — Sites of the Day,https://www.awwwards.com/websites/sites_of_the_day/?page=125
2749,X,34,https://www.awwwards.com/sites/34,layout,固定UI・ナビゲーション候補,Unusual Navigation,Awwwards — Sites of the Day,https://www.awwwards.com/websites/sites_of_the_day/?page=127
2758,X,Because Recollection,https://www.awwwards.com/sites/because-recollection,motion,固定UI・ナビゲーション候補,Unusual Navigation,Awwwards — Sites of the Day,https://www.awwwards.com/websites/sites_of_the_day/?page=127
2760,X,Lawrence Boone Selections,https://www.awwwards.com/sites/lawrence-boone-selections-1,motion,固定UI・ナビゲーション候補,Navigation Menu,Awwwards — Sites of the Day,https://www.awwwards.com/websites/sites_of_the_day/?page=127
2767,X,Resn Dim Sum,https://www.awwwards.com/sites/resn-dim-sum,motion,固定UI・ナビゲーション候補,Unusual Navigation,Awwwards — Sites of the Day,https://www.awwwards.com/websites/sites_of_the_day/?page=127
2777,Y,Silenza,https://www.awwwards.com/sites/silenza,brand,固定UI・ナビゲーション候補,Unusual Navigation,Awwwards — Sites of the Day,https://www.awwwards.com/websites/sites_of_the_day/?page=131
2779,Y,Las Fantasticas Aventuras,https://www.awwwards.com/sites/las-fantasticas-aventuras,motion,固定UI・ナビゲーション候補,Navigation Menu,Awwwards — Sites of the Day,https://www.awwwards.com/websites/sites_of_the_day/?page=131
2784,Y,Leap Second,https://www.awwwards.com/sites/leap-second,motion,固定UI・ナビゲーション候補,Unusual Navigation,Awwwards — Sites of the Day,https://www.awwwards.com/websites/sites_of_the_day/?page=131
2786,Y,Crop Trust - Annual Report 2014,https://www.awwwards.com/sites/crop-trust-annual-report-2014,motion,固定UI・ナビゲーション候補,Unusual Navigation,Awwwards — Sites of the Day,https://www.awwwards.com/websites/sites_of_the_day/?page=131
2789,Y,Infinum,https://www.awwwards.com/sites/infinum-agency,brand,固定UI・ナビゲーション候補,Navigation Menu,Awwwards — Sites of the Day,https://www.awwwards.com/websites/sites_of_the_day/?page=131
2793,Y,New from Bose,https://www.awwwards.com/sites/new-from-bose,ecommerce,固定UI・ナビゲーション候補,Navigation Menu,Awwwards — Sites of the Day,https://www.awwwards.com/websites/sites_of_the_day/?page=131
2806,Y,Dans mon sac,https://www.awwwards.com/sites/dans-mon-sac,layout,固定UI・ナビゲーション候補,Navigation Menu,Awwwards — Sites of the Day,https://www.awwwards.com/websites/sites_of_the_day/?page=131
2807,Y,Quechua Lookbook Spring Summer 15,https://www.awwwards.com/sites/quechua-lookbook-spring-summer-15,motion,固定UI・ナビゲーション候補,Unusual Navigation,Awwwards — Sites of the Day,https://www.awwwards.com/websites/sites_of_the_day/?page=132
2816,Y,Adwyse & Co. - Digital Advertising Agency,https://www.awwwards.com/sites/adwyse-co-digital-advertising-agency,product,固定UI・ナビゲーション候補,Unusual Navigation,Awwwards — Sites of the Day,https://www.awwwards.com/websites/sites_of_the_day/?page=132
2818,Y,Go For Sunweb Yellow,https://www.awwwards.com/sites/go-for-sunweb-yellow,motion,固定UI・ナビゲーション候補,Unusual Navigation,Awwwards — Sites of the Day,https://www.awwwards.com/websites/sites_of_the_day/?page=132
2820,Y,Joseph a avoué,https://www.awwwards.com/sites/josephaavoue,layout,固定UI・ナビゲーション候補,Unusual Navigation,Awwwards — Sites of the Day,https://www.awwwards.com/websites/sites_of_the_day/?page=132
2821,Y,La plus GRANDE cave à bière du monde,https://www.awwwards.com/sites/la-plus-grande-cave-a-biere-du-monde,motion,固定UI・ナビゲーション候補,Unusual Navigation,Awwwards — Sites of the Day,https://www.awwwards.com/websites/sites_of_the_day/?page=132
2822,Y,The Happy Forecast,https://www.awwwards.com/sites/the-happy-forecast,motion,固定UI・ナビゲーション候補,Unusual Navigation,Awwwards — Sites of the Day,https://www.awwwards.com/websites/sites_of_the_day/?page=132
2826,Y,Creative Cruise,https://www.awwwards.com/sites/creative-cruise,motion,固定UI・ナビゲーション候補,Navigation Menu / Unusual Navigation,Awwwards — Sites of the Day,https://www.awwwards.com/websites/sites_of_the_day/?page=132
2829,Y,VOID,https://www.awwwards.com/sites/void-1,motion,固定UI・ナビゲーション候補,Unusual Navigation,Awwwards — Sites of the Day,https://www.awwwards.com/websites/sites_of_the_day/?page=132
2830,Y,Brewery,https://www.awwwards.com/sites/brewery,layout,固定UI・ナビゲーション候補,Unusual Navigation,Awwwards — Sites of the Day,https://www.awwwards.com/websites/sites_of_the_day/?page=132
2835,Y,Nike - Geç Kendini,https://www.awwwards.com/sites/nike-gec-kendini-experience,ecommerce,固定UI・ナビゲーション候補,Unusual Navigation,Awwwards — Sites of the Day,https://www.awwwards.com/websites/sites_of_the_day/?page=132
2842,Y,Ice and sky : The history of climate change,https://www.awwwards.com/sites/ice-and-sky-the-history-of-climate-change,motion,固定UI・ナビゲーション候補,Navigation Menu,Awwwards — Sites of the Day,https://www.awwwards.com/websites/sites_of_the_day/?page=133
2848,Y,Panic,https://www.awwwards.com/sites/panic,motion,固定UI・ナビゲーション候補,Unusual Navigation,Awwwards — Sites of the Day,https://www.awwwards.com/websites/sites_of_the_day/?page=133
2851,Y,Uber Brand Guide,https://www.awwwards.com/sites/uber-brand-guide,motion,固定UI・ナビゲーション候補,Navigation Menu,Awwwards — Sites of the Day,https://www.awwwards.com/websites/sites_of_the_day/?page=133
2860,Y,Giampiero Bodino,https://www.awwwards.com/sites/giampiero-bodino,motion,固定UI・ナビゲーション候補,Unusual Navigation,Awwwards — Sites of the Day,https://www.awwwards.com/websites/sites_of_the_day/?page=133
2862,Y,Migration in the census and in the news,https://www.awwwards.com/sites/migration-in-the-census-and-in-the-news,layout,固定UI・ナビゲーション候補,Unusual Navigation,Awwwards — Sites of the Day,https://www.awwwards.com/websites/sites_of_the_day/?page=133
2874,Y,Giorgio Armani - Frames of Life,https://www.awwwards.com/sites/giorgio-armani-frames-of-life,motion,固定UI・ナビゲーション候補,Unusual Navigation,Awwwards — Sites of the Day,https://www.awwwards.com/websites/sites_of_the_day/?page=135
2879,Y,Vangarde Music,https://www.awwwards.com/sites/vangarde-music,motion,固定UI・ナビゲーション候補,Navigation Menu,Awwwards — Sites of the Day,https://www.awwwards.com/websites/sites_of_the_day/?page=135
2886,Z,Cinderella Past Midnight,https://www.awwwards.com/sites/cinderella-past-midnight,layout,固定UI・ナビゲーション候補,Navigation Menu,Awwwards — Sites of the Day,https://www.awwwards.com/websites/sites_of_the_day/?page=135
2890,Z,Eurosport,https://www.awwwards.com/sites/eurosport,layout,固定UI・ナビゲーション候補,Unusual Navigation,Awwwards — Sites of the Day,https://www.awwwards.com/websites/sites_of_the_day/?page=135
2910,Z,Mathias Sterner,https://www.awwwards.com/sites/mathias-sterner-1,typography,固定UI・ナビゲーション候補,Unusual Navigation,Awwwards — Sites of the Day,https://www.awwwards.com/websites/sites_of_the_day/?page=137
2911,Z,Spotify Year in Music,https://www.awwwards.com/sites/spotify-year-in-music,layout,固定UI・ナビゲーション候補,Navigation Menu,Awwwards — Sites of the Day,https://www.awwwards.com/websites/sites_of_the_day/?page=137
2914,Z,Rally Interactive,https://www.awwwards.com/sites/rally-interactive-1,product,固定UI・ナビゲーション候補,Navigation Menu / Unusual Navigation,Awwwards — Sites of the Day,https://www.awwwards.com/websites/sites_of_the_day/?page=137
2915,Z,Art Project OE20,https://www.awwwards.com/sites/art-project-oe20,motion,固定UI・ナビゲーション候補,Unusual Navigation,Awwwards — Sites of the Day,https://www.awwwards.com/websites/sites_of_the_day/?page=137
2917,Z,Bloomberg Business,https://www.awwwards.com/sites/bloomberg-business,layout,固定UI・ナビゲーション候補,Navigation Menu,Awwwards — Sites of the Day,https://www.awwwards.com/websites/sites_of_the_day/?page=137
2919,Z,FS Millbank,https://www.awwwards.com/sites/fs-millbank,typography,固定UI・ナビゲーション候補,Unusual Navigation,Awwwards — Sites of the Day,https://www.awwwards.com/websites/sites_of_the_day/?page=137
2921,Z,Vito Salvatore - Portfolio,https://www.awwwards.com/sites/vito-salvatore-portfolio-1,motion,固定UI・ナビゲーション候補,Navigation Menu,Awwwards — Sites of the Day,https://www.awwwards.com/websites/sites_of_the_day/?page=137
2923,Z,Assassin's Creed Unite,https://www.awwwards.com/sites/assassin-s-creed-unite,motion,固定UI・ナビゲーション候補,Navigation Menu / Unusual Navigation,Awwwards — Sites of the Day,https://www.awwwards.com/websites/sites_of_the_day/?page=137
2929,Z,Music,https://www.awwwards.com/sites/music,layout,固定UI・ナビゲーション候補,Navigation Menu,Awwwards — Sites of the Day,https://www.awwwards.com/websites/sites_of_the_day/?page=137
2935,Z,Andy Wolf Eyewear - AWE,https://www.awwwards.com/sites/andy-wolf-eyewear-awe,brand,固定UI・ナビゲーション候補,Unusual Navigation,Awwwards — Sites of the Day,https://www.awwwards.com/websites/sites_of_the_day/?page=141
2937,Z,Sound City Project,https://www.awwwards.com/sites/sound-city-project,typography,固定UI・ナビゲーション候補,Navigation Menu,Awwwards — Sites of the Day,https://www.awwwards.com/websites/sites_of_the_day/?page=141
2944,Z,Pablo The Flamingo,https://www.awwwards.com/sites/pablo-the-flamingo,motion,固定UI・ナビゲーション候補,Unusual Navigation,Awwwards — Sites of the Day,https://www.awwwards.com/websites/sites_of_the_day/?page=141
2947,Z,Guillaume Bouvet,https://www.awwwards.com/sites/guillaume-bouvet,layout,固定UI・ナビゲーション候補,Unusual Navigation,Awwwards — Sites of the Day,https://www.awwwards.com/websites/sites_of_the_day/?page=141
2948,Z,adidas Predator,https://www.awwwards.com/sites/adidas-predator,layout,固定UI・ナビゲーション候補,Navigation Menu,Awwwards — Sites of the Day,https://www.awwwards.com/websites/sites_of_the_day/?page=141
2950,Z,Louis Ansa Website,https://www.awwwards.com/sites/louis-ansa-website,motion,固定UI・ナビゲーション候補,Navigation Menu,Awwwards — Sites of the Day,https://www.awwwards.com/websites/sites_of_the_day/?page=141
2951,Z,Destiny Planet View,https://www.awwwards.com/sites/destiny-planet-view,product,固定UI・ナビゲーション候補,Navigation Menu,Awwwards — Sites of the Day,https://www.awwwards.com/websites/sites_of_the_day/?page=141
2955,Z,The Colors of Motion,https://www.awwwards.com/sites/the-colors-of-motion-1,motion,固定UI・ナビゲーション候補,Navigation Menu / Unusual Navigation,Awwwards — Sites of the Day,https://www.awwwards.com/websites/sites_of_the_day/?page=141
2957,Z,Panoptiqm,https://www.awwwards.com/sites/panoptiqm,motion,固定UI・ナビゲーション候補,Unusual Navigation,Awwwards — Sites of the Day,https://www.awwwards.com/websites/sites_of_the_day/?page=141
2958,Z,Celebrating 40th together,https://www.awwwards.com/sites/celebrating-40th-together,motion,固定UI・ナビゲーション候補,Unusual Navigation,Awwwards — Sites of the Day,https://www.awwwards.com/websites/sites_of_the_day/?page=141
2966,Z,Van Gogh Museum,https://www.awwwards.com/sites/van-gogh-museum,layout,固定UI・ナビゲーション候補,Navigation Menu,Awwwards — Sites of the Day,https://www.awwwards.com/websites/sites_of_the_day/?page=142
2967,Z,Warsaw Rising 1944,https://www.awwwards.com/sites/warsaw-rising-1944,motion,固定UI・ナビゲーション候補,Navigation Menu,Awwwards — Sites of the Day,https://www.awwwards.com/websites/sites_of_the_day/?page=142
2974,Z,UNION,https://www.awwwards.com/sites/union,motion,固定UI・ナビゲーション候補,Unusual Navigation,Awwwards — Sites of the Day,https://www.awwwards.com/websites/sites_of_the_day/?page=142
2976,Z,R+Co,https://www.awwwards.com/sites/r-co,ecommerce,固定UI・ナビゲーション候補,Unusual Navigation,Awwwards — Sites of the Day,https://www.awwwards.com/websites/sites_of_the_day/?page=142
2985,Z,Reebok Fall/Winter '14 Lookbook,https://www.awwwards.com/sites/reebok-fall-winter-14-lookbook,brand,固定UI・ナビゲーション候補,Unusual Navigation,Awwwards — Sites of the Day,https://www.awwwards.com/websites/sites_of_the_day/?page=142
2987,Z,WikiWand: Wikipedia Modernized,https://www.awwwards.com/sites/wikiwand-wikipedia-modernized,typography,固定UI・ナビゲーション候補,Navigation Menu,Awwwards — Sites of the Day,https://www.awwwards.com/websites/sites_of_the_day/?page=142
2994,Z,thmsbfft,https://www.awwwards.com/sites/thmsbfft,motion,固定UI・ナビゲーション候補,Unusual Navigation,Awwwards — Sites of the Day,https://www.awwwards.com/websites/sites_of_the_day/?page=143
2997,Z,Palais Coburg,https://www.awwwards.com/sites/palais-coburg,typography,固定UI・ナビゲーション候補,Unusual Navigation,Awwwards — Sites of the Day,https://www.awwwards.com/websites/sites_of_the_day/?page=143
